Sport Type,Transaction ID,Transaction Type,Cost,Payment Type,Vendor Name,Vendor Point of Contact,Submitted Date
Swimming/Diving (Womens),HumanN Influencer Package,Social Media,$79.26,product,HumanN,Andrew Tuchow,1/2/2022
Gymnastics (Womens),bang energy,Social Media,$100.00,product,Bang energy,Bang,6/24/2022
Gymnastics (Womens),Amazon Affiliate,Other,$0.00,cash,Amazon Affiliate,Online,6/30/2022
Gymnastics (Womens),tik tok featuring a brand,Social Media,$200.00,cash,Popcorn delivery app,Morgan Sosic,6/13/2022
Track and Field (Mens),HoneyPlum Clothing Brand Deal,Social Media,$50.00,product,Honey Plum Clothing,The Ambassador,6/6/2022
Track and Field (Mens),Popcorn Brand Deal,Social Media,$420.00,cash,Popcorn,Morgan Sosic,6/6/2022
Basketball (Womens),Kids Camp,Camps and Lessons,$200.00,cash,Az Family Over Everything,Benjamin Tanner,5/15/2022
Basketball (Womens),Mnml.la,Public Appearance,$0.00,product,Mnml.la,Tatiana Evans,5/28/2022
Basketball (Womens),Brand Ambassador,Social Media,$500.00,product,MNML.LA,Tatiana Evans,5/29/2022
Water Polo (Womens),Guyaki Yerba Mate,Social Media,$30.00,product,Guyaki Yerba Mate,Guyaki,5/10/2022
Track and Field (Mens),Suburban Hood,Representation Disclosure,$100.00,product,Ace Suburb,Ace Suburb,5/11/2022
Business,GoTrax Scooter,Social Media,$750.00,product,GoTrax (a division of Swagtron),Jason Wakefield,5/12/2022
Swimming/Diving (Mens),Instagram Story,Social Media,$100.00,product,Bobo's,Beryl Stafford,4/16/2022
Gymnastics (Womens),ambassador prigram,Social Media,$0.00,cash,Stackwell Capital,Kira Farris,3/27/2022
Swimming/Diving (Mens),Instagram post,Social Media,$65.00,product,Chike Coffee,Ashley Truong,3/19/2022
Swimming/Diving (Mens),Instagram Post,Social Media,$45.00,product,Oat Haus,Molly Clarke,3/20/2022
Basketball (Womens),Wizeprep,Social Media,$500.00,cash,Wizeprep,Nate Behar,3/9/2022
Baseball,NIL Deal,Representation Disclosure,$270.00,cash,Doctor's Touch,Giloh Morgan,3/14/2022
Gymnastics (Womens),Leo And Post,Social Media,$250.00,cash,Ozone Leotards,Nicole Radon,3/25/2022
Swimming/Diving (Mens),bushbalm story post,Social Media,$68.00,product,bushbalm,megan,3/5/2022
Basketball (Womens),Wingstop Campaign,Social Media,"$10,000.00",cash,Wingstop,Steven Austin,4/1/2022
Basketball (Womens),Michelle Onyiah,Social Media,"$2,450.00",product,Overtime,Overtimefits,5/5/2022
Basketball (Womens),Brand Partnership,Business Ownership/Creation,$45.00,cash,Courtsmith,Courtney Smith,4/3/2022
Basketball (Womens),Promo,Social Media,$500.00,cash,Wize,Nathanial Behar,4/1/2022
Gymnastics (Womens),Hilo Vitamins,Social Media,$75.00,product,Hilo Gummies,Hilogummies,3/1/2022
Baseball,Rep 1 NIL Agreement,Other,$0.00,cash,Nate Heisler,Rep 1 Sports,3/28/2022
Baseball,Gigg Video,Social Media,$500.00,cash,Gigg,Scott Warner,2/16/2022
Rowing (Womens),Ambassador,Social Media,"$1,200.00",cash,Amazon Prime Student through Riddle and Bloom,Matthew Ragain,2/10/2022
Baseball,Promotion,Social Media,$500.00,cash,Gigg,Scott warner,2/4/2022
Baseball,Social Media Post,Social Media,$500.00,cash,Gigg,Scott Warner,2/3/2022
Swimming/Diving (Womens),Leaf Shave,Social Media,$600.00,cash,Leaf Shave,Brooke Foley,1/18/2022
Baseball,Gigg,Social Media,$500.00,cash,Gigg,Scott Warner,2/1/2022
Baseball,Video Sponsorship,Social Media,$500.00,cash,Gig,Scott Warner,2/1/2022
Baseball,Mitch Benson,Social Media,$500.00,cash,Gigg,Scott Warner,2/2/2022
Baseball,Video Sponsorship,Social Media,$500.00,cash,Gigg,Scott Warner,2/2/2022
Volleyball (Beach),Olipop,Social Media,$85.99,cash,Olipop,98 Strong,2/18/2022
Gymnastics (Womens),honey stinger package,Social Media,$30.00,product,honey stinger,honey stinger,2/1/2022
Baseball,Gigglife,Social Media,$500.00,cash,Gigglife,Scott Warner,2/1/2022
Volleyball (Beach),Discount on Products,Other,$0.00,cash,Vuori,Vuori Clothing,2/1/2022
Gymnastics (Womens),Erin Photoshoot,Social Media,$500.00,cash,Erin,Dave Eaton,2/6/2022
Baseball,Video,Social Media,$500.00,cash,Gigg,Scott Warner,2/2/2022
Baseball,NFT Creation,Business Ownership/Creation,$0.00,cash,Campus Legends,Patric Young,1/25/2022
Gymnastics (Womens),Photoshoot,Other,$500.00,cash,Erin Leos,Dave Eatin,2/8/2022
Swimming/Diving (Womens),Suja Juice,Social Media,$100.00,product,Suja Juice,Suja juice,1/21/2022
Gymnastics (Womens),Instagram promo,Social Media,$25.00,product,LiquidIV,LiquidIv,1/14/2022
Volleyball (Beach),Liquid IV,Social Media,$60.00,cash,Liquid IV,Brenda Valle,1/7/2022
Cross Country,Team Nuun Ambassador Program,Social Media,$15.00,product,Nuun Hydration,Melia Shumate,1/11/2022
Volleyball (Womens),Brand rep,Social Media,$30.00,product,Bang Energy,Affiliate,1/3/2022
Swimming/Diving (Mens),Liquid I.V Athlete Program,Social Media,$80.00,product,Liquid I.V.,Brenda Valle,12/24/2021
Swimming/Diving (Mens),FitAid Drinks,Social Media,$55.00,product,FitAid,Brice McAllister,1/17/2022
Baseball,NIL Sponsorship,Social Media,"$4,500.00",cash,MyTotalWellness,Jameson Jenkins,12/20/2021
Business,Shock Doctor Product Deal,Social Media,$100.00,product,Shock Doctor,Eli Miller,12/21/2021
Business,True Classic Tees,Social Media,$60.00,product,True Classic,Hailey Stenberg,12/20/2021
Basketball (Womens),Afterpay,Social Media,"$7,200.00",cash,Afterpay Usa,Rick Bhatia,12/17/2021
Soccer (Womens),Gmail,Social Media,$25.00,product,Honey Stinger,Luke Cherry,12/15/2021
Swimming/Diving (Mens),Towels,Social Media,$20.00,product,Tortilla Towel,Tortilla_towel (instagram),12/6/2021
Water Polo (Womens),social media posts,Social Media,$100.00,product,Bright Swimwear,Ann,12/10/2021
Basketball (Womens),Quizlet,Social Media,"$15,000.00",cash,Quizlet,Rick Bhatia,12/7/2021
Basketball (Mens),Sign Up,Other,$50.00,cash,Stipend,Rush Feldhacker,2/11/2022
Lacrosse (Womens),GNC Partner,Social Media,$100.00,cash,GNC,Brooke,11/29/2021
Gymnastics (Womens),Product promotion and review,Social Media,$65.00,cash,Loving Tan,Eliza,11/27/2021
Basketball (Mens),98strong,Social Media,$50.00,cash,98strong,Andrew Mavis,11/24/2021
Lacrosse (Womens),After Bar Athlete,Social Media,$100.00,product,After Bar,Alex,11/23/2021
Football,Instagram Post,Social Media,$50.00,cash,98strong,Andrew Mavis,11/29/2021
Basketball (Mens),Spartan Race,Social Media,$100.00,cash,Spartan,Maria Pedone,11/24/2021
Gymnastics (Womens),Clothing,Other,$125.00,product,Ozone,Nicole Radon,12/1/2021
Gymnastics (Womens),Referral Link For Athletic Clothing,Social Media,$0.00,cash,Active Faith Sports,Active Faith Sports Affiliate Program,11/12/2021
Soccer (Womens),Promotioon,Social Media,$64.99,product,Liquid IV,Caroline Friis,11/17/2021
Business,VKTRY PERFORMANCE INSOLES,Social Media,"$2,500.00",cash,VKTRY PERFORMANCE INSOLES,Tyler Jarecki,11/4/2021
Gymnastics (Womens),SSEC Agency Signing,Representation Disclosure,$0.00,cash,SSEC Agency,Alex Broers,11/23/2021
Basketball (Mens),Jaybird Earphones,Social Media,$200.00,product,98Strong,Andrew Mavis,11/2/2021
Basketball (Mens),Brand Endorsement,Social Media,$200.00,product,SimplyHeat,Trace Teague,11/3/2021
Swimming/Diving (Womens),Jolyn Collegiate Program,Social Media,$200.00,cash,Jolyn Swimwear,Victoria Unger,10/26/2021
Gymnastics (Womens),bondiboost,Social Media,$50.00,product,bondiboost,sophia,10/29/2021
Rugby (Mens),Sayless Lifestyle Influencer Program,Representation Disclosure,$10.00,cash,Sayless Lifestyle,Eddie & Trenten Scott,11/23/2021
Gymnastics (Womens),Ozone Contract Signed,Representation Disclosure,"$1,000.00",cash,Ozone,Nicole Radon,10/22/2021
Volleyball (Beach),Barstool Athlete,Social Media,$90.00,product,Barstool Sports,Daveportnoy,10/23/2021
Volleyball (Beach),Uptime Energy,Social Media,$50.00,cash,Uptime Energy,Zach Rosen,10/23/2021
Gymnastics (Womens),Kinder Beauty,Social Media,$122.00,product,Kinder Beauty,Kellie Danial,10/21/2021
Swimming/Diving (Womens),App,Social Media,$70.00,product,Restoic,Ian Gulbransen,10/20/2021
Basketball (Mens),Fort Myers Endorsement,Social Media,$0.00,cash,Fort Myers,N/A,9/27/2021
Volleyball (Womens),Social media post,Social Media,$50.00,cash,98Strong,Andrew Mavis,10/14/2021
Swimming/Diving (Womens),Suja Juice Influencer,Social Media,$50.00,product,Suja,Klear,10/14/2021
Swimming/Diving (Womens),Suja Juice influencer,Social Media,$50.00,product,Suja,Klear,10/14/2021
Soccer (Mens),Playbooked Campaign,Social Media,$200.00,cash,Playbooked,Ken Konecki,10/15/2021
Basketball (Mens),Drink Sponsorship,Social Media,$50.00,cash,Uptime Energy,Andrew Mavis,10/13/2021
Lacrosse (Womens),Liquid IIV Athlete,Social Media,$100.00,cash,Liquid IV,Kristen Gorman,10/13/2021
Soccer (Womens),Paid Partnership,Social Media,$70.00,product,Corkcicle,Village Marketing,10/14/2021
Lacrosse (Womens),Liquid IV Shipment,Social Media,$108.00,product,Liquid IV,Caroline Friis,10/12/2021
Cross Country,Modelling,Other,$100.00,cash,Muse Model Management,Krista Vawter,9/30/2021
Lacrosse (Womens),Rowing Blazers Athlete,Social Media,$50.00,product,Rowing Blazers,n/a,10/7/2021
Basketball (Mens),Players Trunk,Other,$0.00,cash,Players Trunk,Jason Lansing,10/5/2021
Basketball (Mens),Joel Brown,Other,$0.00,cash,The Player Trunk,Jack,9/4/2021
Swimming/Diving (Mens),Partnership,Social Media,"$5,000.00",cash,Aqua Knuckles,Margaret O'Rourke,9/30/2021
Swimming/Diving (Mens),Social Media Posts,Social Media,$120.00,product,Vitargo,Bill Julian,9/30/2021
Gymnastics (Womens),App Influencer,Social Media,$0.00,cash,Akrü,Zach Hunsaker,10/2/2021
Gymnastics (Womens),Gifted Makeup,Social Media,$80.00,cash,Too Faced,Elsa Guillen,10/2/2021
Basketball (Mens),T Shirt,Other,$41.93,cash,The Players Trunk,Jason Lasing,9/28/2021
Basketball (Womens),Stoko Design,Other,$0.00,product,Stoko Design,Kolby Ritcher,9/28/2021
Lacrosse (Womens),Trainer Sponsor,Camps and Lessons,$300.00,product,2 Wolves Performance,Jack Kensil,9/28/2021
Cross Country,One Pair Of Shoes,Social Media,$130.00,product,On The Run Shoes,Sid Burger,9/27/2021
Basketball (Mens),The Players Trunk,Other,$0.00,product,The Players Trunk,Jason Smith,9/26/2021
Soccer (Womens),GoalFive,Social Media,$50.00,product,GoalFive,GoalFive,10/2/2021
Swimming/Diving (Mens),Partnership,Social Media,$0.00,cash,Vitargo,Bill Julian,9/21/2021
Gymnastics (Womens),received wristbands,Social Media,$20.00,product,Zox,Jasmine Futrell‐Mcgee,9/17/2021
Volleyball (Beach),Athlete Ambassador,Social Media,$100.00,product,IWON Organics,Alexa Martinez,9/14/2021
Gymnastics (Womens),Product promotion,Social Media,$50.00,cash,Iconic apparel,Freedom Wynn,9/14/2021
Baseball,Promotion,Social Media,$0.00,cash,Jocko Fuel,Freja Wilinik,10/13/2021
Swimming/Diving (Mens),Shaving Company Contract,Social Media,$0.00,cash,Leaf shave,Brooke Foley,8/27/2021
Cross Country,Product Trial,Other,$100.00,product,Dæhli,Susan I Dæhlie,8/9/2021
Water Polo (Mens),Sponsorship,Social Media,$400.00,product,Halo Hydration,Tea li,2/16/2022
Swimming/Diving (Womens),Leaf Shave Social Media,Social Media,$600.00,cash,Leaf Shave,Brooke Foley,9/2/2021
Basketball (Mens),Merch,Other,$34.93,cash,The player's Trunk,Jason Lansing,9/5/2021
Swimming/Diving (Mens),Social Media Posts,Social Media,$100.00,product,Red Ace Organics,William Leslie,9/2/2021
Softball,Barstool Sports Athlete Merchandise,Other,"$30,000.00",product,Barstool Sports,Barstool Athletes Store,9/3/2021
Gymnastics (Womens),Too Faced PR package,Social Media,$100.00,product,Too Faced,Elsa Guillen,9/3/2021
Basketball (Mens),T Shirts,Business Ownership/Creation,$0.00,cash,Players Trunk,Jason Lansing,9/2/2021
Track and Field (Mens),Mad Rabbit,Outside Employment,$0.00,cash,Mad Rabbit,Mad Rabit,9/2/2021
Basketball (Mens),Custom Gear,Other,$0.00,cash,The Players Trunk,Jason Lansing,8/31/2021
Gymnastics (Womens),Photoshoot,Other,$500.00,cash,Erin,Dave Eaton,8/11/2021
Swimming/Diving (Womens),Liquid I.V. Influencer Package,Social Media,$107.38,product,Liquid I.V.,Paige Migliori,8/31/2021
Basketball (Mens),Branding Campaign Video,Social Media,"$1,000.00",cash,Notevole Studio,Armani Robinson,8/30/2021
Field Hockey,LEAP Hockey Athlete Program,Social Media,"$1,500.00",product,LEAP Hockey,Ross Gillham Jones,8/29/2021
Basketball (Mens),Gear,Social Media,$0.00,cash,The Players Trunk,Jason Lansing,8/27/2021
Rowing (Womens),Liquid IV,Social Media,$49.46,product,Liquid IV,Caroline Friis,9/3/2021
Soccer (Mens),Pierre Arden Ambassador,Social Media,$200.00,cash,@Pierre.Arden,Instagram,9/3/2021
Golf (Womens),social media ambassador,Social Media,$45.00,product,Liquid IV,Paige Migliori,9/11/2021
Golf (Womens),Ambassador,Social Media,$340.00,product,SParm,Helen Jun,9/11/2021
Track and Field (Mens),Hype & Vice,Social Media,$30.00,product,Hype & Vice,emily@hypeandvice.com,8/25/2021
Business,Revo Sunglasses,Social Media,"$1,400.00",product,Revo Sunglasses,Emily Brush,8/21/2021
Softball,Social Media Advertisement,Social Media,$100.00,product,Body Armor,Body Armor,5/11/2022
Gymnastics (Womens),USAGW gymnastics camp,Camps and Lessons,"$1,500.00",cash,USA Gymnastics World,Emily Schoenwald,8/16/2021
Gymnastics (Womens),Starface PR package,Social Media,$50.00,product,Starface,Timmy Nguyen,9/3/2021
Gymnastics (Womens),Story post,Social Media,$31.97,cash,Star Face,Tyler Nguyen,9/14/2021
Gymnastics (Womens),Product Promotion,Social Media,$50.00,product,Starface Skin Care,Starface,8/13/2021
Gymnastics (Womens),Brand Advertisement,Social Media,$0.00,cash,Oliver Space,Caroline Quinn,8/11/2021
Gymnastics (Womens),Starface x Kyana,Social Media,$40.00,product,Starface,Timmy Nugyen,8/11/2021
Softball,Barstool Athlete,Social Media,"$10,000.00",product,Barstool Athletics,Dave Portnoy,5/11/2022
Soccer (Womens),Nothing,Social Media,$45.00,product,Barstool Sports,Barstool Athletes,8/11/2021
Gymnastics (Womens),VidSig,Social Media,$0.00,cash,VidSig,Christian Duffy,8/30/2021
Gymnastics (Womens),Rideshare Discount,Social Media,$10.00,product,Imperial Vehicle Services,Keith,8/8/2021
Gymnastics (Womens),camp apparell,Camps and Lessons,$200.00,product,USA Gymnastics Wolrd,Emily Schoenwald,8/9/2021
Lacrosse (Womens),"T Shirt, Sweatshirt",Other,$50.00,product,Barstool Sports,Barstool,8/8/2021
Volleyball (Beach),"Saeatshirt, T Shirt, And Sweatpants",Other,"$30,000.00",cash,Barstool Athletes,Dave Portnoy,8/8/2021
Lacrosse (Womens),Barstool Sports Merchandise Purchase,Other,$100.00,product,Barstool Sports,Dave Portnoy,8/14/2021
Gymnastics (Womens),Gifted Clothing,Other,$50.00,product,Mentionables,Emily,8/4/2021
Swimming/Diving (Mens),Scholarship From Maccabie Haifa Sport Club,Other,$600.00,cash,Maccabie Haifa Sport Club,Adi Segal,7/12/2021
Gymnastics (Womens),pinrose purfume,Social Media,$25.00,product,Pinrose,Danielle Valencia,8/26/2021
Gymnastics (Womens),Kyana George,Social Media,$44.95,product,Mentionables,Emily,8/2/2021
Football,Sponser,Social Media,$0.00,cash,Steve Seeley,Steve Seeley,7/29/2021
Field Hockey,Post On Social Media,Social Media,$75.00,product,Jimmy Goats Gabriel,Adam Guenard,7/28/2021
Gymnastics (Womens),topflight camp,Camps and Lessons,"$1,300.00",cash,Performance Plus Events,Ann Grigsby,7/26/2021
Gymnastics (Womens),Vidsig,Social Media,$25.00,product,Vidsig,Christian,8/26/2021
Basketball (Mens),Brand ambassador,Representation Disclosure,$0.00,cash,Dreamfield,Luis Pardillo,7/23/2021
Lacrosse (Womens),Liquid IV Athlete Sponsorship,Social Media,$100.00,product,Liquid IV,Paige Migliori,8/3/2021
Basketball (Womens),MNML Athlete (Brand Ambassador),Social Media,$350.00,product,MNML.LA,Tatiana Evans,10/28/2021
Volleyball (Beach),CROSSNET Athlete,Social Media,$200.00,product,CROSSNET,CROSSNET Team,7/20/2021
Basketball (Womens),Video Chats,Other,$120.00,cash,Vidsig,Christian Duffy,8/2/2021
Volleyball (Beach),T Shirt (?)),Social Media,$10.00,product,Barstool Athletics,Dave Portnoy,7/20/2021
Football,Jewelry Sales,Other,$200.00,cash,Lujo Fino Inc.,Fidel Cabral,7/14/2021
Gymnastics (Womens),Ambassador,Social Media,$150.00,cash,Bang,Bang Energy,7/14/2021
Gymnastics (Mens),Apparel,Other,$200.00,product,Seventh Salvation,Mitchell Douglas,7/9/2021
Softball,Posted on Social Media,Social Media,$0.00,cash,Barstool Athletics,Dave Portnoy,7/19/2021
Track and Field (Mens),TikTok Post,Other,$180.00,cash,Heartbeat & Ad Council,Heartbeat Community,7/12/2021
Track and Field (Mens),Social Media Post,Social Media,$0.00,cash,Barstool Athletics,Na,7/13/2021
Gymnastics (Mens),Sponsorship,Social Media,$1.00,cash,OpenSponsorship,Stephen Kincheloe,10/8/2021
Basketball (Womens),Clutch Lifestyle Co,Other,$0.00,cash,Clutch Lifestyle Co,Brian Kimoto,7/7/2021
Lacrosse (Womens),Barstool Athlete,Social Media,$0.00,cash,Barstool Sports,N/A,8/2/2021
Basketball (Womens),Social Media Post,Social Media,$500.00,product,The Black Athlete,Shaquille Standifer,7/3/2021
Basketball (Womens),Buying Clothes,Other,$0.00,product,Cluth Lifestyle Co,Brian Kimoto,7/3/2021
Swimming/Diving (Womens),Mission UK Tea,Social Media,$100.00,product,Mission UK,Yasmin Li,7/2/2021
Basketball (Womens),Social Media Partnering,Social Media,$70.00,product,Barstool Sports,Barstool Athletics,7/3/2021
Baseball,RJ Green x Artichoke Basille's Pizza,Social Media,"$1,500.00",Cash,Artichoke Basille's Pizza,Jim Trevor,5/3/2023
Baseball,PSD Underwear,Social Media,$100.00,Product/Equity,PSD Underwear,Rob Krager,4/20/2023
Baseball,Bose Product Deal,Social Media,$330.00,Product/Equity,Bose,Joshua Sousa,4/6/2023
Basketball (Mens),Social Media Shoutout,Social Media,"$34,584.00",Cash,Cal legends,Kevin Kennedy,7/24/2023
Basketball (Mens),February Payment,Public Appearance,"$2,000.00",Cash,MBB Collective,Scott Elliott,3/24/2023
Basketball (Mens),February Payment,Public Appearance,"$2,000.00",Cash,MBB Collective,Scott Elliott,3/24/2023
Basketball (Mens),February Payment,Public Appearance,"$2,000.00",Cash,MBB Collective,Scott Elliott,3/24/2023
Basketball (Mens),February Payment,Public Appearance,"$2,000.00",Cash,MBB Collective,Scott Elliott,3/24/2023
Basketball (Mens),February Payment,Public Appearance,"$2,000.00",Cash,MBB Collective,Scott Elliott,3/24/2023
Basketball (Mens),February Payment,Public Appearance,"$2,000.00",Cash,MBB Collective,Scott Elliott,3/24/2023
Basketball (Mens),February Payment,Public Appearance,"$1,715.00",Cash,MBB Collective,Scott Elliott,3/24/2023
Basketball (Mens),February Payment,Public Appearance,"$1,715.00",Cash,MBB Collective,Scott Elliott,3/24/2023
Basketball (Mens),February Payment,Public Appearance,"$1,715.00",Cash,MBB Collective,Scott Elliott,3/24/2023
Basketball (Mens),February Payment,Public Appearance,"$1,715.00",Cash,MBB Collective,Scott Elliott,3/24/2023
Basketball (Mens),February Payment,Public Appearance,"$1,715.00",Cash,MBB Collective,Scott Elliott,3/24/2023
Basketball (Mens),February Payment,Public Appearance,"$1,715.00",Cash,MBB Collective,Scott Elliott,3/24/2023
Basketball (Mens),February Payment,Public Appearance,"$1,715.00",Cash,MBB Collective,Scott Elliott,3/24/2023
Basketball (Mens),January Payment,Public Appearance,"$2,000.00",Cash,MBB Collective,Scott Elliott,3/24/2023
Basketball (Mens),January Payment,Public Appearance,"$2,000.00",Cash,MBB Collective,Scott Elliott,3/24/2023
Basketball (Mens),January Payment,Public Appearance,"$2,000.00",Cash,MBB Collective,Scott Elliott,3/24/2023
Basketball (Mens),January Payment,Public Appearance,"$2,000.00",Cash,MBB Collective,Scott Elliott,3/24/2023
Basketball (Mens),January Payment,Public Appearance,"$4,000.00",Cash,MBB Collective,Scott Elliott,3/24/2023
Basketball (Mens),January Payment,Public Appearance,"$2,000.00",Cash,MBB Collective,Scott Elliott,3/24/2023
Basketball (Mens),January Payment,Public Appearance,"$1,715.00",Cash,MBB Collective,Scott Elliott,3/24/2023
Basketball (Mens),January Payment,Public Appearance,"$1,715.00",Cash,MBB Collective,Scott Elliott,3/24/2023
Basketball (Mens),January Payment,Public Appearance,"$1,715.00",Cash,MBB Collective,Scott Elliott,3/24/2023
Basketball (Mens),January Payment,Public Appearance,"$1,715.00",Cash,MBB Collective,Scott Elliott,3/24/2023
Basketball (Mens),January Payment,Public Appearance,"$1,715.00",Cash,MBB Collective,Scott Elliott,3/24/2023
Basketball (Mens),January Payment,Public Appearance,"$1,715.00",Cash,MBB Collective,Scott Elliott,3/24/2023
Basketball (Mens),January Payment,Public Appearance,"$3,430.00",Cash,MBB Collective,Scott Elliott,3/24/2023
Basketball (Mens),December Payment,Public Appearance,"$2,000.00",Cash,MBB Collective,Scott Elliott,3/24/2023
Basketball (Mens),December Payment,Public Appearance,"$2,000.00",Cash,MBB Collective,Scott Elliott,3/24/2023
Basketball (Mens),December Payment,Public Appearance,"$2,000.00",Cash,MBB Collective,Scott Elliott,3/24/2023
Basketball (Mens),December Payment,Public Appearance,"$2,000.00",Cash,MBB Collective,Scott Elliott,3/24/2023
Basketball (Mens),December Payment,Public Appearance,"$2,000.00",Cash,MBB Collective,Scott Elliott,3/24/2023
Basketball (Mens),December Payment,Public Appearance,"$1,715.00",Cash,MBB Collective,Scott Elliott,3/24/2023
Basketball (Mens),December Payment,Public Appearance,"$1,715.00",Cash,MBB Collective,Scott Elliott,3/24/2023
Basketball (Mens),December Payment,Public Appearance,"$1,715.00",Cash,MBB Collective,Scott Elliott,3/24/2023
Basketball (Mens),December Payment,Public Appearance,"$1,715.00",Cash,MBB Collective,Scott Elliott,3/24/2023
Basketball (Mens),December Payment,Public Appearance,"$1,715.00",Cash,MBB Collective,Scott Elliott,3/24/2023
Basketball (Mens),December Payment,Public Appearance,"$1,715.00",Cash,MBB Collective,Scott Elliott,3/24/2023
Basketball (Mens),November Payment,Public Appearance,"$2,000.00",Cash,MBB Collective,Scott Elliott,3/24/2023
Basketball (Mens),November Payment,Public Appearance,"$4,000.00",Cash,MBB Collective,Scott Elliott,3/24/2023
Basketball (Mens),November Payment,Public Appearance,"$2,000.00",Cash,MBB Collective,Scott Elliott,3/24/2023
Basketball (Mens),November Payment,Public Appearance,"$2,000.00",Cash,MBB Collective,Scott Elliott,3/24/2023
Basketball (Mens),November Payment,Public Appearance,"$2,000.00",Cash,MBB Collective,Scott Elliott,3/24/2023
Basketball (Mens),November Payment,Public Appearance,"$2,000.00",Cash,MBB Collective,Scott Elliott,3/24/2023
Basketball (Mens),November Payment,Public Appearance,"$1,715.00",Cash,MBB Collective,Scott Elliott,3/24/2023
Basketball (Mens),November Payment,Public Appearance,"$1,715.00",Cash,MBB Collective,Scott Elliott,3/24/2023
Basketball (Mens),November Payment,Public Appearance,"$1,715.00",Cash,MBB Collective,Scott Elliott,3/24/2023
Basketball (Mens),November Payment,Public Appearance,"$1,715.00",Cash,MBB Collective,Scott Elliott,3/24/2023
Basketball (Mens),November Payment,Public Appearance,"$1,715.00",Cash,MBB Collective,Scott Elliott,3/24/2023
Basketball (Mens),November Payment,Public Appearance,"$1,715.00",Cash,MBB Collective,Scott Elliott,3/24/2023
Basketball (Mens),November Payment,Public Appearance,"$1,715.00",Cash,MBB Collective,Scott Elliott,3/24/2023
Basketball (Mens),October Payment,Public Appearance,"$2,000.00",Cash,MBB Collective,Scott Elliott,3/24/2023
Basketball (Mens),October Payment,Public Appearance,"$2,000.00",Cash,MBB Collective,Scott Elliott,3/24/2023
Basketball (Mens),October Payment,Public Appearance,"$2,000.00",Cash,MBB Collective,Scott Elliott,3/24/2023
Basketball (Mens),October Payment,Public Appearance,"$2,000.00",Cash,MBB Collective,Scott Elliott,3/24/2023
Basketball (Mens),October Payment,Public Appearance,"$2,000.00",Cash,MBB Collective,Scott Elliott,3/24/2023
Basketball (Mens),October Payment,Public Appearance,"$1,715.00",Cash,MBB Collective,Scott Elliott,3/24/2023
Basketball (Mens),October Payment,Public Appearance,"$1,715.00",Cash,MBB Collective,Scott Elliott,3/24/2023
Basketball (Mens),October Payment,Public Appearance,"$1,715.00",Cash,MBB Collective,Scott Elliott,3/24/2023
Basketball (Mens),October Payment,Public Appearance,"$1,715.00",Cash,MBB Collective,Scott Elliott,3/24/2023
Basketball (Mens),October Payment,Public Appearance,"$1,715.00",Cash,MBB Collective,Scott Elliott,3/24/2023
Basketball (Mens),October Payment,Public Appearance,"$1,715.00",Cash,MBB Collective,Scott Elliott,3/24/2023
Basketball (Mens),October Payment,Public Appearance,"$1,715.00",Cash,MBB Collective,Scott Elliott,3/24/2023
Basketball (Mens),ProMotion Video,Social Media,$280.00,Cash,ZipRecruiter,Julia Fisch,9/23/2022
Basketball (Womens),Merch,Social Media,$100.00,Product/Equity,LVM LA,lvm la (instagram),7/31/2023
Basketball (Womens),Merch,Social Media,$40.00,Product/Equity,Gisele James,Kaleb James Johnson,6/5/2023
Basketball (Womens),Kids Camp,Camps and Lessons,$300.00,Cash,AZ Family Over Everything,Benjamin Tanner,6/5/2023
Basketball (Womens),Brand Partnership,Social Media,"$10,000.00",Cash,Chips Ahoy,Charles Xavier,2/21/2023
Basketball (Womens),Brand Partnership,Social Media,"$10,000.00",Cash,Chips Ahoy,Charles Xavier,2/21/2023
Basketball (Womens),Spirit Shop,Social Media,"$2,000.00",Cash,Spirit Shop,Charles Xavier,2/21/2023
Basketball (Womens),Maely's Cosmetics,Social Media,"$2,800.00",Cash,Whalar,Rick Bhatia,1/7/2023
Basketball (Womens),Michael kors,Social Media,"$3,200.00",Cash,Whalar,Rick Bhatia,1/7/2023
Basketball (Womens),Therabody,Social Media,"$6,000.00",Cash,Whalar,Rick Bhatia,1/7/2023
Basketball (Womens),Earnest,Social Media,"$8,000.00",Cash,Whalar,Rick Bhatia,1/7/2023
Basketball (Womens),Amazon back To School Campaign,Social Media,"$20,000.00",Cash,Whalar,Rick Bhatia,1/7/2023
Basketball (Womens),Photoshoot/ Social Media Posy,Social Media,$500.00,Cash,Beastmode Apparel,Bryon Sheng,12/23/2022
Basketball (Womens),Promo,Social Media,$250.00,Product/Equity,Mixed Emotion.co,Ron Rice,8/4/2022
Basketball (Womens),Meta Reels Creator Program,Social Media,"$16,000.00",Cash,Meta,rick@whalar.com,7/19/2022
Business,CLC Concierge College Color Days,Social Media,$100.00,Cash,CLC Concierge,Opendorse,9/6/2022
Business,Tempus Ex,Social Media,"$1,250.00",Cash,Tempus Ex,George Ionkov,9/6/2022
Business,CROCS,Social Media,$40.00,Product/Equity,CROCS,Shelby Banks PostGame,8/9/2022
Football,Promotion,Social Media,$120.00,Cash,Cash App,Playbooked Llc,4/7/2023
Football,Nohl Williams,Social Media,"$5,000.00",Cash,California legends,Base path App,4/5/2023
Football,Promotion Of Clothing,Social Media,"$5,000.00",Cash,Cal Legends Collective,Kevin Kennedy,4/6/2023
Football,Clothing Promotion,Social Media,"$5,000.00",Cash,Cal Legends Collective,Kevin Kennedy,4/6/2023
Football,Event Promotion,Social Media,"$10,000.00",Cash,Cal Legends Collective,Kevin Kennedy,4/6/2023
Football,Nohl Williams,Social Media,"$10,000.00",Cash,Cal Legends,Base Bath App,4/6/2023
Football,Speaking Engagement,Public Appearance,"$1,000.00",Cash,Grid Club,John Stock,1/9/2023
Football,Advertising,Social Media,$300.00,Cash,Biscayne media,Steven Bonefont,10/20/2022
Football,Speaking At Interview,Public Appearance,$500.00,Cash,San Francisco Grid Club,John Stock,9/28/2022
Football,Grid Club Appearance,Public Appearance,$500.00,Cash,Grid Club,John Stock,9/28/2022
Football,Autograph Trading Cards,Autographs,"$3,000.00",Cash,Sage Collectibles LLC,Josh Escovedo,9/26/2022
Football,video chat,Social Media,$30.00,Cash,play booked,patrick,8/29/2022
Football,drink delivery,Other,$50.00,Product/Equity,bylt,bylt,8/29/2022
Football,Shoutout,Social Media,$20.00,Cash,playbooked,patrick,8/25/2022
Football,Song promotion,Social Media,"$1,000.00",Cash,12th & collins ent,Tanner Simkins,8/23/2022
Football,Agent agreement Tanner Simkins,Representation Disclosure,$0.00,Cash,Tanner Simkins,Tanner Simkins,8/16/2022
Football,NFT Partnership,Other,$0.00,Cash,FanField Sports LLC,Johnny,7/10/2022
General,Affiliate Program,Social Media,$0.00,Cash,Campus Protein,Campus Protein,4/4/2023
General,Firefly Recovery,Social Media,$100.00,Product/Equity,Firefly Recovery,Lauren Campbell,2/17/2023
General,CVY Co,Other,$20.00,Product/Equity,CVY Co,Instagram,10/12/2022
General,Chill Boys,Social Media,$50.00,Product/Equity,Chill Boys,MOGL,2/15/2023
General,Brooks Running (98 Strong),Social Media,"$3,000.00",Cash,Brooks Running,Sammy Junco,2/15/2023
General,Luke Buddie,Social Media,$60.00,Product/Equity,LifeAid,Brice Mcallister,11/17/2022
General,Barstool Athlete,Representation Disclosure,$0.00,Cash,Barstool Sports,Email,11/4/2022
General,MOGL,Other,$15.00,Cash,MOGL,MOGL Online,10/12/2022
Golf (Mens),Post,Social Media,$100.00,Product/Equity,Duffl,Nicole Burke,4/7/2023
Golf (Mens),Post,Social Media,$40.00,Product/Equity,Sweetrollz Golf,@sweetrollzgolf,11/15/2022
Golf (Mens),Socil media Post Social Media,,$120.00,Product/Equity,4ore Nutrition,TJ Telford,9/13/2022
Gymnastics (Mens),Gymnastics Camp Coach Camps and Lessons,,$0.00,Cash,Accel Gymnastics Training Center,Matt Hodges,6/11/2023
Gymnastics (Mens),Speaking About My Gymnastics Experience For KPublic Appearance,,$150.00,Cash,California Strong Athletics,Zachary Stevens,6/9/2023
Gymnastics (Mens),Speaking About Gymnastics Experience And PartPublic Appearance,,$150.00,Cash,Californa Strong Athletics,Zachary Stevens,6/9/2023
Gymnastics (Mens),Cal Strong Athletics Grand Opening Showcase Public Appearance,,$150.00,Cash,Cal Strong Athletics,Zachary Stevens,6/9/2023
Gymnastics (Mens),Grand Opening Of A Gym Public Appearance,,$150.00,Cash,California Strong Athletics,Zachary Stevens,6/7/2023
Gymnastics (Mens),turn gymnastics photshoot Not Sure,,$250.00,Cash,Turn gymnastics,andrea vidovic,5/30/2023
Gymnastics (Mens),Turn Gymnastics Photoshoot Not Sure,,$250.00,Cash,Turn Gymnastics,Andrea Vidovic,5/30/2023
Gymnastics (Womens),urban decay pr mailer Social Media,,$110.00,Product/Equity,urban decay,macie willis,6/9/2023
Gymnastics (Womens),Photoshoot Social Media,,$250.00,Cash,Erin gymnastics,Andrea Vidovic,5/29/2023
Gymnastics (Womens),Cashapp Card Campaign Social Media,,$230.00,Cash,Cashapp,Julia Fisch,3/20/2023
Gymnastics (Womens),Video Public Appearance,,$125.00,Cash,CalHope,Anders Bjork,3/10/2023
Gymnastics (Womens),Opendorse Boogie Ad Not Sure,,$300.00,Cash,Animal Biome,Emily Jarvis,12/2/2022
Gymnastics (Womens),Ozone Leotards Social Media,,"$3,000.00",Cash,Ozone Leos,Nicole Radon,11/16/2022
Gymnastics (Womens),Instagram reel Social Media,,$180.00,Cash,ZipRecruiter (Through PlayBooked),Julia Fisch,11/17/2022
Gymnastics (Womens),course hero Social Media,,$200.00,Cash,course hero,Course hero,10/8/2022
Gymnastics (Womens),Leo Design Business Ownership/Creation,,$400.00,Cash,Ozone Leos,Nicole Radon,9/26/2022
Gymnastics (Womens),Social Media Post Social Media,,$180.00,Cash,ZipRecruiter (through PlayBooked),Julia Fisch,9/1/2022
Gymnastics (Womens),Clothing Promotion Social Media,,$80.00,Cash,TenTree (through PlayBooked),Julia Fisch,8/22/2022
Lacrosse (Womens),Clinic Camps and Lessons,,$110.00,Cash,Instacoach,Ty Corley,11/3/2022
Rowing (Mens),Promotion Video Other,,$125.00,Cash,CalHope,Patrick Werksma,3/9/2023
Rowing (Mens),Verb bars Social Media,,$40.00,Product/Equity,Verb Energy Co,Nikki,9/2/2022
Rugby (Mens),Instagram Posts Social Media,,$195.00,Product/Equity,Whatif Foods,Sammy Junco,7/27/2023
Rugby (Mens),Chill Boys Social Media,,$25.00,Cash,Chill Boys,Kevin,10/26/2022
Rugby (Mens),MOGL Campaign Social Media,,$10.00,Cash,MOGL,Brandon Wimbush,10/26/2022
Rugby (Mens),Bang Energy Social Media,,$0.00,Product/Equity,Bang Energy,Lia Panzacchi,10/26/2022
Rugby (Mens),Training Camps and Lessons,,$0.00,Cash,Instacoach,Ty Corley,9/23/2022
Soccer (Mens),Brand Athlete Other,,$500.00,Cash,"Condor Interactive, Inc",Gus Laredo,8/31/2022
Soccer (Mens),Tentree Social Media,,$50.00,Cash,Tentree,PlayBooked Rep,8/30/2022
Soccer (Womens),Waterdrop Social Media,,$150.00,Product/Equity,Icon Source,Kathleen Schreiber,7/27/2023
Soccer (Womens),BAMnut Social Media,,$120.00,Cash,BAMnut,98Strong,7/25/2023
Soccer (Womens),Capelli Sport Social Media,,$162.99,Product/Equity,Capelli Sport,Sarah Damsky,4/17/2023
Soccer (Womens),Civilian/CalMHSA Social Media Campaign Social Media,,"$5,000.00",Cash,"Civilian, Inc",Madison Espinoza,3/16/2023
Soccer (Womens),California Legends Collective Social Media,,$250.00,Cash,California Legends Collective,Kayla,9/30/2022
Soccer (Womens),ZipRecruiter And PlayBooked Social Media,,$200.00,Cash,ZipRecruiter,Julia Fisch,9/14/2022
Soccer (Womens),Tentree Social Media,,$70.00,Cash,PlayBooked LLC,Julia Fisch,8/18/2022
Softball,Teneral Cellars Promotion Social Media,,$100.00,Cash,Teneral Cellars,PlayBooked/Cal Legends,7/4/2023
Softball,CalHope Other,,$125.00,Cash,Cal Hope,Anders Bjork,5/3/2023
Softball,Promo Video Social Media,,$125.00,Cash,CalHope,Anders Bjork,5/4/2023
Softball,T Shirt Making Other,,$10.00,Cash,InfluenceTee,Brandon,3/27/2023
Softball,Everytable Store Opening Social Media,,$0.00,Cash,Everytable,Alex George,2/23/2023
Softball,008 Camp Camps and Lessons,,$600.00,Cash,008 Training,Octavia Bond,1/6/2023
Softball,Teneral Cellars Promo Social Media,,$100.00,Cash,Teneral Cellars,Cal Legends,12/23/2022
Softball,Teneral Cellars Promo Social Media,,$100.00,Cash,Teneral Cellars,Cal Legends,12/23/2022
Softball,Teneral Cellars Promo Social Media,,$200.00,Cash,Teneral Cellars,Jill Osur,10/14/2022
Softball,Example Content Video Other,,$100.00,Cash,California Legends,Kayla Merice,9/24/2022
Softball,Instagram Reel/Story Social Media,,$200.00,Cash,Ziprecruiter,Julia Fisch,9/21/2022
Softball,tiktok video Social Media,,$300.00,Cash,Raising Cane's,Jacqueline Brown,8/29/2022
Softball,Shoutout Social Media,,$200.00,Cash,ZipRecruiter,Julia Fisch,9/5/2022
Softball,Shoutout Social Media,,$200.00,Cash,ZipRecruiter,Julia Fisch,9/5/2022
Softball,Photoshoot Other,,$300.00,Cash,Teneral Cellars,Jill Osur,8/30/2022
Softball,photoshoot Other,,$300.00,Cash,teneral cellars,jill osur,8/31/2022
Softball,Photoshoot Other,,$300.00,Cash,Teneral Cellars ‐ Jill Osur,Ca Legends,8/30/2022
Softball,tiktok video and add Social Media,,$410.00,Product/Equity,Hype and Vice,Hype and Vice. Inc,8/29/2022
Softball,tiktok video Social Media,,$600.00,Cash,Bloom Nutrition,Jillian Freeborn,8/29/2022
Softball,Zip Recruiter Social Media,,$200.00,Cash,Playbooked,Julia Fisch,9/15/2022
Swimming/Diving (Mens),Cuts NIL deal Social Media,,$333.33,Cash,Cuts Clothing,Danny Holdsman,9/15/2022
Swimming/Diving (Womens),FitAid Social Media,,$150.00,Product/Equity,FitAid,Life Aid Support Team,5/31/2023
Swimming/Diving (Womens),SBR Ambassador Social Media,,$100.00,Cash,SBR Sports Inc,Andrew Smidt,1/30/2023
Swimming/Diving (Womens),Liquid IV Athlete Ambassador Social Media,,$45.00,Cash,Liquid IV,Erin Shore,10/14/2022
Swimming/Diving (Womens),Hair Products Social Media,,$70.00,Product/Equity,SBRS Sports,SBR Sports Incorporated,9/29/2022
Swimming/Diving (Womens),Product samples Social Media,,$70.00,Product/Equity,SBR Sports USA,Instagram DM,9/28/2022
Swimming/Diving (Womens),Product Shipment Social Media,,$90.00,Cash,SBR Sports,Andrew Smidt,8/27/2022
Swimming/Diving (Womens),Cal + CAMPUS Royalty,,"$2,500.00",Product/Equity,CAMPUS,CAMPUS,7/25/2022
Track and Field (Mens),Free Product Social Media,,$70.00,Product/Equity,Chike,Ashley spears,4/28/2023
Track and Field (Mens),INFLUENCETEE Social Media,,$121.21,Cash,Influencetee,Brandon Wilson,4/27/2023
Track and Field (Mens),Video on Tik Tok Social Media,,$200.00,Cash,Bond Bracelet,Margo,2/9/2023
Track and Field (Mens),Influencer on Tik Ton Social Media,,$900.00,Cash,Tik Tok,Tik Tok influencer,2/9/2023
Volleyball (Beach),Hydroflask Social Media,,$100.00,Cash,Postgame,Postgame,8/30/2022
Volleyball (Beach),Crocs Social Media,,$40.00,Product/Equity,Crocs,Postgame,8/30/2022
Volleyball (Beach),Free merchandise Social Media,,$100.00,Product/Equity,celsius,celsius brand ambassadors,7/12/2022
Volleyball (Womens),Workout,Social Media,$500.00,Cash,Sky Development Athletics,Dakota Conwell,6/10/2023
Volleyball (Womens),Brand Promotion,Social Media,$720.00,Product/Equity,Prozis,Telmo Paiva,4/10/2023
Volleyball (Womens),Brand Ambassador,Social Media,$468.00,Product/Equity,GoMacro,Cortney Krause,4/4/2023
Water Polo (Mens),Instacoach,Camps and Lessons,$0.00,Cash,Dylan Woodhead,Phone,9/28/2022
Water Polo (Womens),2023 SBR Ambassador,Not Sure,$25.00,Product/Equity,SBR Sports,Andrew Smidt,1/6/2023
Water Polo (Womens),Commission Sales Rep,Not Sure,$10.00,Cash,NBRHD Laguna,Luc,1/6/2023
Water Polo (Womens),Vuori V1 Influencer Program,Social Media,$200.00,Product/Equity,Vuori,Vuori,11/15/2022
Water Polo (Womens),Coaching,Camps and Lessons,$0.00,Cash,Insta Coach,Ty Corley,9/27/2022
Water Polo (Womens),Jolyn Collegiate Ambassador,Social Media,$0.00,Cash,Jolyn,Jolyn Team,8/29/2022
Baseball,instagram/twitter post,,"$1,000.00",Cash,Cash,cal legends,
Baseball,Instagram Post,,"$10,000.00",Cash,Cash,Cal Legends,
Basketball (Mens),Social Media Posts,Social Media,"$8,500.00",Cash,Ca Legends,Randy Scott,1/31/2024
Basketball (Mens),Social Media Posts,Social Media,"$93,500.00",Cash,CA Legends,Randy Scott,
Basketball (Mens),cal legends collective november payment,Other,"$5,000.00",Cash,cal legends collective,abby prentice,1/31/2024
Basketball (Mens),Cal legends,Social Media,"$34,584.00",Cash,Cal Legends,Abby,1/29/2024
Basketball (Mens),Cal legends,Social Media,"$380,424.00",,,,
Basketball (Mens),club nillionaire,Social Media,"$4,375.00",Cash,club nillionaire,abby prentice,1/27/2024
Basketball (Mens),Instagram Story Post,Social Media,"$11,250.00",Cash,Calegends,Abby Prentice,1/29/2024
Basketball (Mens),Collective,Social Media,"$10,000.00",Cash,Cal Legends,Abby Prentice,1/30/2024
Basketball (Mens),Social Media Promotion,Social Media,"$7,000.00",Cash,Ca Legends Collective,Abby Prentice,11/30/2023
Basketball (Mens),Picture Display,Not Sure,"$7,500.00",Product/Equity,California Legends,California Legends,1/31/2024
Basketball (Mens),Picture Display,Not Sure,"$82,500.00",,,,
Basketball (Mens),Club Nillionare,Social Media,"$4,375.00",Cash,Club Nillionaire,Abby Prentice,1/31/2024
Basketball (Mens),Club Nillionare,Social Media,"$8,750.00",,,,
Basketball (Mens),grant newell,Other,"$12,500.00",Cash,cal legends collective,abby prentice,1/31/2024
Basketball (Mens),grant newell,Other,"$25,000.00",Cash,CA Legends Collective,abby prentice,
Basketball (Mens),club nillionaire,Social Media,"$4,375.00",Cash,club nillionaire,abby prentice,1/27/2024
Basketball (Mens),september nil payment,Other,"$5,000.00",Cash,Cal Legends Collective,abby prentice,1/31/2024
Basketball (Mens),Social Media Post,Social Media,"$11,250.00",Cash,Calegends,Abby Prentice,1/29/2024
Basketball (Mens),Social Media Post,Social Media,"$112,500.00",,,,
Basketball (Mens),Social media promotion,Social Media,"$7,000.00",Cash,CA legends Collective,Abby Prentice,11/30/2023
Basketball (Mens),Social Media Collaboration,Social Media,"$32,500.00",Cash,California Collective,Jaylon Tyson,8/31/2023
Basketball (Mens),Social Media Collaboration,Social Media,"$357,500.00",Cash,California Collective,Jaylon Tyson,
Basketball (Mens),Social Media Post,Social Media,"$10,000.00",Cash,Calegends,Abby Prentice,1/29/2024
Basketball (Womens),Clothing,Social Media,$75.00,Product/Equity,Niflow Wolfin,Antonio Austin,10/4/2023
Basketball (Womens),clothing brand deal,Royalty,$500.00,Cash,BeSpecial the movement,Elloheim Clark,9/4/2023
Beach VB,Nil Club,Other,$32.56,Cash,Nil Club,Mick,1/20/2024
Cross Country (Womens),Jolyn Referral Payout,Social Media,$55.00,Cash,Jolyn Clothing,Carly Ashen,2/23/2024
Cross Country (Womens),Nil Club Cashout,Other,$15.00,Cash,Nil Club,Bailey O'sullivan,2/23/2024
Cross Country (Womens),Jewlr,Social Media,$50.00,Cash,Post game,Aaron,11/14/2023
Cross Country (Womens),Firefly Recovery Ambassador,Social Media,$125.00,Product/Equity,Firefly,Lauren Campbell,10/13/2023
Cross Country (Womens),Alani Nutrition Monthly Samples,Social Media,$125.00,Product/Equity,Alani Nutrition,Erin Moss,10/5/2023
Cross Country (Womens),Alani Nu New Flavor Sample,Social Media,$75.00,Product/Equity,Alani Nutrition,Erin Moss,8/26/2023
Cross Country (Womens),Alani Nu Monthly Sample,Social Media,$150.00,Product/Equity,Alani Nutrition,Erin Moss,8/23/2023
Cross Country (Womens),Alani Nutrition Welcome Box,Social Media,$150.00,Product/Equity,Alani Nutrition,Erin Moss,8/23/2023
Cross Country (Womens),PR Package,,$100.00,Product/Equity,Hype & Vice,,
Field Hockey,Posting On Instagram In brand Clothes,Social Media,$300.00,Product/Equity,Edikted,Martina,2/13/2024
Field Hockey,percentage off goods,Social Media,$0.00,Cash,Y1 Hockey,grace,8/16/2023
Field Hockey,Posting,Social Media,$150.00,Cash,BAMnut,,
Field Hockey,Content Creation,Social Media,$125.00,Cash,WhatIF Foods,,
Field Hockey,Liquid Iv,Social Media,$50.00,Product/Equity,Liquid IV,,
Field Hockey,Posting On Instagram for Brand,Social Media,$300.00,Product/Equity,Edikted Clothing Brand,,
Football,Cal Legends Collective,Social Media,"$16,667.00",Cash,Ca Legends,Ca Legends,3/2/2024
Football,Event Promotion,Social Media,$100.00,Cash,Cal Legends,Kevin Kennedy,2/23/2024
Football,Nil Club,,$12.20,Cash,Nil club,,
Football,Agency Rep Agreement,,$0.00,Cash,brad blevins,,
General,Piurify,Social Media,$200.00,Product/Equity,Piurify,Piurify Instagram Account,2/20/2024
General,Nil Club,Social Media,"$4,500.00",Cash,Nil Club,Bailey O'Sullivan,2/26/2024
General,Tipsy Putt,Public Appearance,$100.00,Product/Equity,Tipsy Putt,Kenji Tokunaga,12/2/2023
General,Tipsy Putt Appearance,Public Appearance,$100.00,Product/Equity,Tipsy Putt,Kenji Tokunaga,12/3/2023
General,Partner Affiliate Program,Social Media,$600.00,Product/Equity,Lumebox,Steph,9/14/2023
General,Modeling,,$300.00,Product/Equity,Natalie B Designs,,
Track and Field (Men's),2024 SF Giants Affiliate Program,Social Media,$50.00,Product/Equity,SF Giants,,
Golf (Mens),yoke global inc.,Representation Disclosure,$28.93,Cash,yoke global inc.,bailey osullivan,2/28/2024
Gymnastics (Mens),Stanley Nil Deal,Social Media,$50.00,Cash,Post Game Official,Post Game Offcial,1/27/2024
Gymnastics (Mens),CVS Nil Deal,Social Media,$150.00,Cash,Post Game Official,Post Game Official,1/14/2024
Gymnastics (Womens),stanley water flow cup deal,Social Media,$150.00,Cash,stanley,lindsay mouhot,2/15/2024
Gymnastics (Womens),The Team,Outside Employment,"$1,000.00",Cash,The Team,Elizabeth Ford,2/28/2024
Gymnastics (Womens),Digital Autogragh,Autographs,$21.00,Cash,Fans meet idols,Kaiser,11/25/2023
Gymnastics (Womens),Dance Camera Media,Social Media,$240.00,Cash,Cal legends,Cal Legends,8/18/2023
Gymnastics (Womens),Cash App,Social Media,$120.00,Cash,Play Booked,Julia Fisch,8/18/2023
Gymnastics (Womens),Drake #2,Social Media,$119.70,Cash,Play Booked,Julia Fisch,8/18/2023
Gymnastics (Womens),Part 2,Social Media,$67.00,Cash,Play Booked,Julia Fisch,8/18/2023
Gymnastics (Womens),Payment 3,Social Media,$119.70,Cash,Play Booked,Julia Fisch,8/18/2023
Gymnastics (Womens),Fashion Show,,$203.00,Product/Equity,Athleta,,
Gymnastics (Womens),european wax center,,$60.00,Cash,european wax center,,
Gymnastics (Womens),Fellowship Program,,"$1,000.00",Cash,The Team,,
Lacrosse (Womens),Instagram Reel,Social Media,$60.00,Cash,Kohv Eyewear,Jake Kovalcik,1/12/2024
Lacrosse (Womens),Instagram Story,Social Media,$60.00,Cash,Kohv Eyewear,Jake Kovalcik,1/11/2024
Lacrosse (Womens),Instagram Story,Social Media,$66.00,Cash,Feat Clothing,Jake Kovalcik,12/13/2023
Lacrosse (Womens),Comfrt Clothing,Social Media,$70.00,Product/Equity,Comfrt Clothing,Christopher Merz,12/8/2023
Lacrosse (Womens),Postgame NIL Campaign with Sony,Social Media,$15.00,Cash,Postgame,Katie,12/5/2023
Lacrosse (Womens),Instagram Story,Social Media,$66.00,Cash,Hydrolyte,Jake Kovalcik,11/28/2023
Lacrosse (Womens),Clara Page,Social Media,$150.00,Cash,Vuori,Stanton Sharpe,10/30/2023
Lacrosse (Womens),A Day In The Life Of A Cal Summer Intern,Social Media,$450.00,Cash,California Legends Collective,Stephanie Rivera,8/29/2023
Lacrosse (Womens),Emily Moes,Social Media,$150.00,Cash,Cash,Vuori Clothing,
Lacrosse (Womens),Vuori Clothing Deal,Social Media,$150.00,Cash,Cash,Vuori,
Rowing (Mens),C2o Instagram Post,Social Media,$150.00,Cash,98 strong (agent For C2o),98strong,11/14/2023
Rowing (Womens),Cal x Airport of Champions,Social Media,$234.37,Cash,Cash,Oakland Airport,
Rugby (Mens),Partnership,Social Media,$125.00,Product/Equity,Firefly Recovery,Lauren Campbell,1/22/2024
Soccer (Mens),nil club,Not Sure,$10.66,Cash,nil club,bailey o'sullivan,2/21/2024
Soccer (Mens),content creation,Social Media,$200.00,Cash,dr teal's,98strong,12/21/2023
Soccer (Mens),zack andoh,Social Media,$150.00,Cash,c2o coconut water,98strong,12/4/2023
Soccer (Mens),98Strong NIL Deal,Social Media,$150.00,Cash,C2O Coconut Water,Rachel Marsh,12/5/2023
Soccer (Mens),content creation,Social Media,$150.00,Product/Equity,c2o,98strong,10/17/2023
Soccer (Mens),Zack Andoh,Other,$13.55,Cash,NIL Club,NIL Club,
Soccer (Mens),Clio Bars ‐ 98Strong Deal,Social Media,$150.00,Cash,98Strong,98Strong,
Soccer (Womens),Oakland Roots And Sports Club,Social Media,$700.00,Cash,Oakland Roots And Soul Sports Club,Kayla From Cal Legends,11/29/2023
Soccer (Womens),What If Foods BAMnut Milk,Social Media,$150.00,Cash,What IF foods,What IF foods,
Soccer (Womens),Sangria Senorial,Social Media,$150.00,Cash,Sangria Senorial,Sangria Senorial,
Soccer (Womens),Nyx Cosmetics,Social Media,"$2,500.00",Product/Equity,NYx Cosmetics,NYx Cosmetics,
Soccer (Womens),NIL Club,Not Sure,$33.26,Cash,Yoke Global Inc.,Yoke Global Inc.,
Soccer (Womens),Ambassador,Social Media,$200.00,Product/Equity,Steve madden,Steve madden,
Softball,randi roelling,Camps and Lessons,$50.00,Cash,mom of daughter,to a give pitching lesson,12/7/2023
Softball,randi roelling,Outside Employment,$40.00,Cash,athlete to athlete,mentor an athlete,12/7/2023
Softball,November Cal Legends Activation,Social Media,"$5,000.00",Cash,Cal Legends,Cal Legends,12/5/2023
Softball,randi roelling,Other,$10.00,Cash,athlete to athlete,zach maisus,12/2/2023
Softball,October Cal Legends Activation,Social Media,"$5,000.00",Product/Equity,Cal Legends,club nillionaire,12/5/2023
Swimming/Diving (Womens),Insomnia Athletes,Social Media,$200.00,Cash,Insomnia Cookies,Catharine Burns,1/31/2024
Swimming/Diving (Womens),C2O Coconut Water,Social Media,$150.00,Cash,C2O Coconut Water,Manager,12/7/2023
Swimming/Diving (Womens),complete kit,Not Sure,$100.00,Product/Equity,dermasport,david schmidt,11/28/2023
Swimming/Diving (Womens),What If Food,Social Media,$150.00,Cash,What If Foods,98strong,9/19/2023
Swimming/Diving (Womens),Firefly Recovery Ambassador,Social Media,$125.00,Cash,Firefly Recovery,Lauren Campbell,
Track and Field (Mens),98strong,Social Media,$100.00,Product/Equity,Hot Topic,98 Strong,12/5/2023
Track and Field (Mens),98strong,Social Media,$100.00,Product/Equity,Vuori,98strong,12/5/2023
Track and Field (Mens),NoContextXCTrack Custom Shirt,Social Media,$25.00,Product/Equity,NoContextXCTrack,Aidan Donovan‐Stauder,10/16/2023
Track and Field (Mens),Nocontextxctrack Shirt,Social Media,$5.00,Cash,NoContextXCTrack,Aidan Donovan‐Stauder,10/16/2023
Track and Field (Mens),98strong,Social Media,$50.00,Product/Equity,Oh Snap Pickles,98strong,12/5/2023
Track and Field (Mens),Content Creation,Social Media,$150.00,Cash,Vktry Partnership,Ashley Whalen,
Volleyball (Beach),Brand Promotion,Social Media,$120.00,Cash,Bonheur Jewelry,Alicia Smith,3/6/2024
Volleyball (Beach),Product Advertising,Social Media,$200.00,Cash,C2O Coconut Water,Stanton,1/17/2024
Volleyball (Beach),Stanley product for post disclosure,Social Media,$100.00,Product/Equity,Stanley Brand,Lindsay ‐ Postgame,12/18/2023
Volleyball (Beach),Product Promotion,Social Media,$270.00,Product/Equity,Alani Nu,A‐team,10/24/2023
Volleyball (Beach),Suja Ambassador,Social Media,$150.00,Product/Equity,Suja Organic,Influencers Of Suja,8/31/2023
Volleyball (Beach),Item Promotion,Social Media,$600.00,Product/Equity,Prozis,Francisca Gomes,8/30/2023
Volleyball (Beach),Social Media Content,Social Media,$550.00,Product/Equity,Vuori,Alana,
Volleyball (Beach),Social Media Post,Social Media,$15.00,Product/Equity,Oat Haus,Oat Haus,
Volleyball (Womens),Climate Power Influential Post,Social Media,$300.00,Cash,Xomad (ig‐ @climatepower),Imabelle Velasco,3/6/2024
Volleyball (Womens),Amazon Storefront Campaign,Business Ownership/Creation,$500.00,Cash,Amazon,Gemma Weinstein,3/5/2024
Volleyball (Womens),Content Creation Event,Social Media,$150.00,Product/Equity,Boutine Los Angeles,boutinelababes (ig),3/5/2024
Volleyball (Womens),PeakNIL Instagram reel,Social Media,$50.00,Cash,PeakNIL,Ariel Feigenbaum,1/23/2024
Volleyball (Womens),NCSA,Other,$200.00,Cash,NCSA,Jim Broe,1/6/2024
Volleyball (Womens),Restaurant Appearances,Public Appearance,$150.00,Product/Equity,Agrodolce,Angelo Dalo,10/26/2023
Volleyball (Womens),Firefly Social Media,Social Media,$125.00,Product/Equity,Firefly,Lauren Campbell,10/9/2023
Volleyball (Womens),C4 Energy,Social Media,$50.00,Cash,98 Strong,98 Strong,9/1/2023
Volleyball (Womens),Mentor Young Athletes,Other,$650.00,Cash,Athlete To Athlete,Zach Maisus,3/5/2024
Volleyball (Womens),Brand Athlete Representative,Representation Disclosure,$500.00,Product/Equity,PBfit,Mason Hayes,3/5/2024
Volleyball (Womens),Clean Energy,Social Media,$200.00,Cash,The CAPS Group LLC,Brad Blevins,
Volleyball (Womens),Product Exchange,Social Media,$250.00,Product/Equity,Ready Nutrition,Pat Cavanaugh,
Volleyball (Womens),Social Media Advertising,Social Media,$70.00,Product/Equity,Happy Viking,Roccio,
Volleyball (Womens),30 Day Skin Transformation Video Content,Social Media,$150.00,Product/Equity,J. S Health Vitamins,Matilda,
Volleyball (Womens),Video Promotion,Social Media,$250.00,Product/Equity,Reboot Float And Cryo Spa,Allison Baird,
Volleyball (Womens),Modeling,Social Media,$300.00,Product/Equity,Boba Guys,Bin Chen,
Basketball (Mens),Pizza Party at Blondie's Pizza,Social Media,$440.00,product,YRS Inc dba Blondie's Pizza,Abdul Zaloukh,2/4/2025
Basketball (Mens),Pizza Party at Blondie's Pizza,Social Media,$440.00,product,YRS Inc dba Blondie's Pizza,Abdul Zaloukh,2/4/2025
Basketball (Mens),Athlete's Thread Commission,Royalty,$288.07,cash,Athlete's Thread,Ian Collins,2/21/2025
Basketball (Mens),Athlete's Thread Commission,Royalty,$241.83,cash,Athlete's Thread,Ian Collins,2/21/2025
Basketball (Womens),Athlete's Thread Commission,Royalty,$179.76,cash,Athlete's Thread,Ian Collins,2/21/2025
Basketball (Womens),Athlete's Thread Commission,Royalty,$169.33,cash,Athlete's Thread,Ian Collins,2/21/2025
Football,Athlete's Thread Commission,Royalty,$161.79,cash,Athlete's Thread,Ian Collins,2/21/2025
Basketball (Womens),Athlete's Thread Commission,Royalty,$124.55,cash,Athlete's Thread,Ian Collins,2/21/2025
Basketball (Womens),Athlete's Thread Commission,Royalty,$110.46,cash,Athlete's Thread,Ian Collins,2/21/2025
Basketball (Womens),Athlete's Thread Commission,Royalty,$110.29,cash,Athlete's Thread,Ian Collins,2/21/2025
Basketball (Womens),Athlete's Thread Commission,Royalty,$81.84,cash,Athlete's Thread,Ian Collins,2/21/2025
Softball,Athlete's Thread Commission,Royalty,$77.76,cash,Athlete's Thread,Ian Collins,2/21/2025
Basketball (Womens),Athlete's Thread Commission,Royalty,$74.84,cash,Athlete's Thread,Ian Collins,2/21/2025
Basketball (Womens),Athlete's Thread Commission,Royalty,$70.56,cash,Athlete's Thread,Ian Collins,2/21/2025
Football,Athlete's Thread Commission,Royalty,$57.45,cash,Athlete's Thread,Ian Collins,2/21/2025
Softball,Athlete's Thread Commission,Royalty,$44.24,cash,Athlete's Thread,Ian Collins,2/21/2025
Football,Athlete's Thread Commission,Royalty,$42.29,cash,Athlete's Thread,Ian Collins,2/21/2025
Softball,Athlete's Thread Commission,Royalty,$40.04,cash,Athlete's Thread,Ian Collins,2/21/2025
Baseball,Athlete's Thread Commission,Royalty,$36.97,cash,Athlete's Thread,Ian Collins,2/21/2025
Basketball (Womens),Athlete's Thread Commission,Royalty,$35.40,cash,Athlete's Thread,Ian Collins,2/21/2025
Football,Athlete's Thread Commission,Royalty,$34.90,cash,Athlete's Thread,Ian Collins,2/21/2025
Basketball (Womens),Athlete's Thread Commission,Royalty,$32.04,cash,Athlete's Thread,Ian Collins,2/21/2025
Basketball (Womens),Athlete's Thread Commission,Royalty,$28.95,cash,Athlete's Thread,Ian Collins,2/21/2025
Football,Athlete's Thread Commission,Royalty,$27.45,cash,Athlete's Thread,Ian Collins,2/21/2025
Basketball (Womens),Athlete's Thread Commission,Royalty,$23.10,cash,Athlete's Thread,Ian Collins,2/21/2025
Basketball (Mens),Athlete's Thread Commission,Royalty,$21.37,cash,Athlete's Thread,Ian Collins,2/21/2025
Basketball (Womens),Athlete's Thread Commission,Royalty,$19.20,cash,Athlete's Thread,Ian Collins,2/21/2025
Football,Athlete's Thread Commission,Royalty,$17.10,cash,Athlete's Thread,Ian Collins,2/21/2025
Basketball (Womens),Athlete's Thread Commission,Royalty,$14.10,cash,Athlete's Thread,Ian Collins,2/21/2025
Football,Athlete's Thread Commission,Royalty,$12.33,cash,Athlete's Thread,Ian Collins,2/21/2025
Basketball (Womens),Athlete's Thread Commission,Royalty,$11.22,cash,Athlete's Thread,Ian Collins,2/21/2025
Football,Athlete's Thread Commission,Royalty,$8.55,cash,Athlete's Thread,Ian Collins,2/21/2025
Softball,Athlete's Thread Commission,Royalty,$5.70,cash,Athlete's Thread,Ian Collins,2/21/2025
Basketball (Womens),Athlete's Thread Commission,Royalty,$4.84,cash,Athlete's Thread,Ian Collins,2/21/2025
Softball,NilElite Apparel,Business Ownership/Creation,$0.00,cash,NilElite,#ERROR!,2/17/2025
Field Hockey,Restaurant Promotion,Social Media,$50.00,cash,Humbowl,Humbowl Eats Instagram,2/20/2025
Basketball (Womens),Instagram Marketing for American Capital Partners,Other,$200.00,cash,American Capital Partners,Kevin Sheehy,1/29/2025
Football,Instagram Marketing,Other,$250.00,cash,American Capital Partners,Kevin Sheehy,1/22/2025
Baseball,Gift card to Tacos Sinaloa,Social Media,$300.00,product,Tacos Sinaloa,Marlem Bueno,2/7/2025
Basketball (Womens),Rivalz This or That Video,Social Media,$400.00,cash,Evergreen Partnerships,Amanda Groen,12/12/2024
Soccer (Mens),Humbowl,Social Media,$50.00,cash,Humbowl,Eric Wright,2/14/2025
Softball,Brand/Event Exposure,Collective,$800.00,cash,Conic,Abby Prentice,2/1/2025
Swimming/Diving (Womens),Dermasport,Social Media,$200.00,product,Dermasport,David Schmidt,1/23/2025
Baseball,October 2024 NIL activations,Social Media,"$5,000.00",cash,California Legends,Abby Prentice,1/18/2025
Gymnastics (Womens),NIL Club,Not Sure,$133.30,cash,NIL Club,Bailey OSullivan,1/15/2025
Field Hockey,Social Media Instagram Posting,Social Media,$150.00,cash,N!CK's Sweedish Protein Bars,98 Strong,1/7/2025
Gymnastics (Mens),Postgame Concrete Creatine,Social Media,$65.00,cash,Concrete Creatine,Postgame App,1/5/2025
Lacrosse (Womens),Nil Club Payout,Not Sure,$83.48,cash,NIL Club,Bailey OSullivan,1/10/2025
Swimming/Diving (Womens),Hungryroot,Social Media,$500.00,cash,Hungryroot,Allison Rock,12/19/2024
Softball,Brand / Event Exposure,Collective,$800.00,cash,Conic,Abby Prentice,1/20/2025
Track and Field (Mens),POSTGAME,Social Media,$200.00,cash,POSTGAME,Postgame LLC.,1/12/2025
Field Hockey,Instagram Posting,Social Media,$50.00,product,Posing On Social Media,PAVOI PR,1/7/2025
Field Hockey,Social Media Posting,Social Media,$400.00,cash,Eve G,Eve g,1/7/2025
Football,Rivalz This or That Video,Social Media,$400.00,cash,Evergreen Partnerships,Amanda Groen,12/12/2024
Football,Rivalz This or That Video,Social Media,$400.00,cash,Evergreen Partnerships,Amanda Groen,12/12/2024
Rowing (Mens),The Feed Sponsorship Program,Social Media,$20.00,cash,The Feed,sponsorship@thefeed.com,12/23/2024
Track and Field (Mens),POSTGAME LLC,Social Media,$150.00,cash,POSTGAME LLC.,Postgame,12/24/2024
Rowing (Mens),Hive Ambassador,Social Media,$28.00,product,Honey Stinger,honeystinger@messages.honeystinger.com,12/23/2024
Gymnastics (Womens),Instagram Posts,Social Media,$316.00,cash,Vuori Clothing,98 Strong,1/8/2025
Soccer (Mens),Nil Deal,Social Media,$200.00,cash,Orgain,Sam Junco,12/19/2024
Track and Field (Mens),Torre Anderson,Social Media,$0.00,cash,Vital Apparel,Hung Dao,12/10/2024
Gymnastics (Mens),Product Promotion,Social Media,$225.00,cash,iHerb,herb,12/14/2024
Track and Field (Mens),Postgame,Social Media,$100.00,cash,Postgame LLC.,Postgame,12/7/2024
Field Hockey,Instagram Posting,Social Media,$50.00,product,Abby Rose Cases,Abby Rose,12/6/2024
Gymnastics (Mens),Armani Stronger With You,Social Media,$150.00,cash,Armani,Postgame,12/14/2024
Field Hockey,Social Media Posting,Social Media,$150.00,product,Princess Polly,Daniella Rabin,12/5/2024
Track and Field (Mens),NIL Club Withdrawal And Post On App,Not Sure,$39.49,cash,NIL CLUB App,Bailey OSullivan,12/2/2024
Softball,Posting to Site,Other,$57.27,cash,NIL Club,Bailey OSullivan,12/1/2024
Volleyball (Womens),Product Sample Promotion,Social Media,$400.00,cash,FitBiomics,Alex West,11/12/2024
Gymnastics (Mens),Affiliate Program,Social Media,$20.00,cash,Laces,Zack Kaneshiro,11/22/2024
Cross Country,Story Shoutout,Business Ownership/Creation,$250.00,cash,Tydal Wear,Tyler Jones,11/20/2024
Gymnastics (Womens),Post,Not Sure,$184.02,cash,Bailey OSullivan,Phone,11/18/2024
Cross Country,Celsius IG Story,Social Media,$10.00,product,Celsius,Celsius Ambassador Team,11/21/2024
Water Polo (Womens),Product For Content,Business Ownership/Creation,$125.00,product,Firefly Recovery,Lauren Campbell,11/22/2024
Baseball,Instagram Posts,Collective,"$10,000.00",cash,CA Legends Collective,Abby Prentice,1/17/2025
Baseball,NIL Club,Not Sure,$57.13,cash,NIL Club,Bailey OSullivan,11/13/2024
Field Hockey,Vuori Gifting,Not Sure,"$4,000.00",product,Vuori,98strong,11/11/2024
Gymnastics (Womens),Postgame Crop Hoodie Campaign,Social Media,$39.99,product,Postgame,Postgame Apparel,11/7/2024
Baseball,Cal Legends Collective,Collective,"$10,000.00",cash,Cal Legends Collective,Abby Prentice,1/14/2025
Field Hockey,Instagram Posting,Social Media,$250.00,cash,Orgain protein,98strong,11/11/2024
Gymnastics (Womens),Instagram Posts,Social Media,$250.00,cash,Orgain,98 Strong,1/8/2025
Baseball,October 2024 NIL Activations,Social Media,"$5,000.00",cash,CONIC,Abby Prentice,1/16/2025
Gymnastics (Womens),Private lesson,Camps and Lessons,$75.00,cash,Koonal Parmar,Koonal Parmar,10/28/2024
Soccer (Womens),Private training for twin 6 year old girls,Camps and Lessons,$75.00,cash,Koonal Parmar,Koonal Parmar,10/28/2024
Soccer (Womens),Private training for twin 6 year old girls,Camps and Lessons,$75.00,cash,Koonal Parmar,Koonal Parmar,10/28/2024
Soccer (Womens),Post On Social Media,Social Media,"$1,500.00",cash,Ace Berkeley,Liah Collins,10/30/2024
Field Hockey,Instagram Posting For nicks Sticks,Social Media,$150.00,cash,Nicks Sticks,98strong,11/11/2024
Cross Country,laces athletes sent free hat,Social Media,$38.00,cash,laces athletes,laces athletes via instagram,10/24/2024
Volleyball (Beach),Social Media Posts,Social Media,$99.00,product,Firefly Recovery,Lauren Campbell,10/24/2024
Cross Country,Celsius Concert Tickets,Social Media,$500.00,product,Celsius,Celsius Ambassador Team,11/21/2024
Softball,Athlete Zone T‐Shirt Deal,Royalty,$253.80,cash,Athlete Zone,Corvallis Custom LLC,11/7/2024
Track and Field (Mens),Encourage Mac Lamkin,Other,$200.00,cash,Joseph Lamkin,Joseph Lamkin,10/11/2024
Football,Venture Partner,Business Ownership/Creation,$0.00,product,Chiron Sports Group AG,Leo Rifkind,10/8/2024
Gymnastics (Womens),NIL Partnership With Leotard Company,Other,"$6,000.00",cash,"Ozone, L.L.C",Lauren Stevens,10/7/2024
Volleyball (Womens),Nick's Sticks Social Media,Social Media,$200.00,cash,Nick's Sticks,98Strong,10/8/2024
Volleyball (Womens),Skin Treatment,Social Media,$150.00,cash,Solawave,Jean,9/28/2024
Volleyball (Womens),Orgain Protein Shake Social Media,Social Media,$100.00,cash,Orgain,98Strong,10/4/2024
Volleyball (Beach),NIL Club,Other,$107.09,cash,NIL Club,Bailey OSullivan,10/1/2024
Lacrosse (Womens),NIL Club payout,Not Sure,$60.77,cash,Yoke Global Inc.,Bailey O'Sullivan,10/7/2024
Volleyball (Womens),Clothing Deal,Social Media,$150.00,cash,RiHoas,Judy,9/28/2024
Gymnastics (Womens),Instagram Post,Social Media,$100.00,product,The Courageous Brand,Amy Macbride,9/27/2024
Volleyball (Beach),Posting Content,Other,$110.67,cash,NIL Club,Bailey OSullivan,9/27/2024
Volleyball (Beach),Product Advertising,Social Media,$100.00,cash,7‐Eleven,Postgame,12/11/2024
Gymnastics (Mens),NIL Club Post,Social Media,$82.73,cash,NIL Club,O'Sullivan,9/19/2024
Baseball,CA Legends Collective,Collective,"$1,500.00",cash,CA Legends Collective,Abby Prentice,1/14/2025
Gymnastics (Mens),7/11 X Postgame Ad,Social Media,$100.00,cash,Shelby From Postgame,Shelby,9/10/2024
Gymnastics (Womens),Social Media Posts,Social Media,$125.00,cash,Tangle Teezer,Postgame,9/11/2024
Volleyball (Beach),Product Advertising,Social Media,$150.00,cash,Sweet Loren's,98 Strong,8/28/2024
Gymnastics (Womens),Instagram Post,Social Media,$160.00,cash,Yesly,Postgame,8/30/2024
Field Hockey,Instagram Posting,Social Media,$150.00,cash,Sangria Señoral,98strong,9/12/2024
Softball,NIL Club Cash Out,Not Sure,$50.85,cash,NIL Club,Bailey OSullivan,8/13/2024
Lacrosse (Womens),Firefly Recovery,Social Media,$125.00,product,Firefly Recovery,Lauren Campbell,8/6/2024
Soccer (Womens),Laces,Social Media,$80.00,product,Laces Athletes,Instagram,7/28/2024
Cross Country,MOGL,Other,$0.00,cash,Smeeple,Calvin Holston,10/30/2024
Soccer (Womens),Vuori,Social Media,$300.00,cash,Vuori,98strong,7/28/2024
Swimming/Diving (Womens),2 Instagram Story Posts,Social Media,$35.99,product,Slate Milk,NIL Club,7/8/2024
Football,EA Sports College FB Video Game,Royalty,$600.00,cash,Electronic Arts,Sami Robbins,10/30/2024
Football,EA Sports College FB Video Game,Royalty,$600.00,cash,Electronic Arts,Sami Robbins,10/30/2024
Football,EA Sports College FB Video Game,Royalty,$600.00,cash,Electronic Arts,Sami Robbins,10/30/2024
Football,EA Sports College FB Video Game,Royalty,$600.00,cash,Electronic Arts,Sami Robbins,10/30/2024
Football,EA Sports College FB Video Game,Royalty,$600.00,cash,Electronic Arts,Sami Robbins,10/30/2024
Football,EA Sports College FB Video Game,Royalty,$600.00,cash,Electronic Arts,Sami Robbins,10/30/2024
Football,EA Sports College FB Video Game,Royalty,$600.00,cash,Electronic Arts,Sami Robbins,10/30/2024
Football,EA Sports College FB Video Game,Royalty,$600.00,cash,Electronic Arts,Sami Robbins,10/30/2024
Football,EA Sports College FB Video Game,Royalty,$600.00,cash,Electronic Arts,Sami Robbins,10/30/2024
Football,EA Sports College FB Video Game,Royalty,$600.00,cash,Electronic Arts,Sami Robbins,10/30/2024
Football,EA Sports College FB Video Game,Royalty,$600.00,cash,Electronic Arts,Sami Robbins,10/30/2024
Football,EA Sports College FB Video Game,Royalty,$600.00,cash,Electronic Arts,Sami Robbins,10/30/2024
Football,EA Sports College FB Video Game,Royalty,$600.00,cash,Electronic Arts,Sami Robbins,10/30/2024
Football,EA Sports College FB Video Game,Royalty,$600.00,cash,Electronic Arts,Sami Robbins,10/30/2024
Football,EA Sports College FB Video Game,Royalty,$600.00,cash,Electronic Arts,Sami Robbins,10/30/2024
Football,EA Sports College FB Video Game,Royalty,$600.00,cash,Electronic Arts,Sami Robbins,10/30/2024
Football,EA Sports College FB Video Game,Royalty,$600.00,cash,Electronic Arts,Sami Robbins,10/30/2024
Football,EA Sports College FB Video Game,Royalty,$600.00,cash,Electronic Arts,Sami Robbins,10/30/2024
Football,EA Sports College FB Video Game,Royalty,$600.00,cash,Electronic Arts,Sami Robbins,10/30/2024
Football,EA Sports College FB Video Game,Royalty,$600.00,cash,Electronic Arts,Sami Robbins,10/30/2024
Football,EA Sports College FB Video Game,Royalty,$600.00,cash,Electronic Arts,Sami Robbins,10/30/2024
Football,EA Sports College FB Video Game,Royalty,$600.00,cash,Electronic Arts,Sami Robbins,10/30/2024
Football,EA Sports College FB Video Game,Royalty,$600.00,cash,Electronic Arts,Sami Robbins,10/30/2024
Football,EA Sports College FB Video Game,Royalty,$600.00,cash,Electronic Arts,Sami Robbins,10/30/2024
Football,EA Sports College FB Video Game,Royalty,$600.00,cash,Electronic Arts,Sami Robbins,10/30/2024
Football,EA Sports College FB Video Game,Royalty,$600.00,cash,Electronic Arts,Sami Robbins,10/30/2024
Football,EA Sports College FB Video Game,Royalty,$600.00,cash,Electronic Arts,Sami Robbins,10/30/2024
Football,EA Sports College FB Video Game,Royalty,$600.00,cash,Electronic Arts,Sami Robbins,10/30/2024
Football,EA Sports College FB Video Game,Royalty,$600.00,cash,Electronic Arts,Sami Robbins,10/30/2024
Football,EA Sports College FB Video Game,Royalty,$600.00,cash,Electronic Arts,Sami Robbins,10/30/2024
Football,EA Sports College FB Video Game,Royalty,$600.00,cash,Electronic Arts,Sami Robbins,10/30/2024
Football,EA Sports College FB Video Game,Royalty,$600.00,cash,Electronic Arts,Sami Robbins,10/30/2024
Football,EA Sports College FB Video Game,Royalty,$600.00,cash,Electronic Arts,Sami Robbins,10/30/2024
Football,EA Sports College FB Video Game,Royalty,$600.00,cash,Electronic Arts,Sami Robbins,10/30/2024
Football,EA Sports College FB Video Game,Royalty,$600.00,cash,Electronic Arts,Sami Robbins,10/30/2024
Football,EA Sports College FB Video Game,Royalty,$600.00,cash,Electronic Arts,Sami Robbins,10/30/2024
Football,EA Sports College FB Video Game,Royalty,$600.00,cash,Electronic Arts,Sami Robbins,10/30/2024
Football,EA Sports College FB Video Game,Royalty,$600.00,cash,Electronic Arts,Sami Robbins,10/30/2024
Football,EA Sports College FB Video Game,Royalty,$600.00,cash,Electronic Arts,Sami Robbins,10/30/2024
Football,EA Sports College FB Video Game,Royalty,$600.00,cash,Electronic Arts,Sami Robbins,10/30/2024
Football,EA Sports College FB Video Game,Royalty,$600.00,cash,Electronic Arts,Sami Robbins,10/30/2024
Football,EA Sports College FB Video Game,Royalty,$600.00,cash,Electronic Arts,Sami Robbins,10/30/2024
Football,EA Sports College FB Video Game,Royalty,$600.00,cash,Electronic Arts,Sami Robbins,10/30/2024
Football,EA Sports College FB Video Game,Royalty,$600.00,cash,Electronic Arts,Sami Robbins,10/30/2024
Football,EA Sports College FB Video Game,Royalty,$600.00,cash,Electronic Arts,Sami Robbins,10/30/2024
Football,EA Sports College FB Video Game,Royalty,$600.00,cash,Electronic Arts,Sami Robbins,10/30/2024
Football,EA Sports College FB Video Game,Royalty,$600.00,cash,Electronic Arts,Sami Robbins,10/30/2024
Football,EA Sports College FB Video Game,Royalty,$600.00,cash,Electronic Arts,Sami Robbins,10/30/2024
Football,EA Sports College FB Video Game,Royalty,$600.00,cash,Electronic Arts,Sami Robbins,10/30/2024
Football,EA Sports College FB Video Game,Royalty,$600.00,cash,Electronic Arts,Sami Robbins,10/30/2024
Football,EA Sports College FB Video Game,Royalty,$600.00,cash,Electronic Arts,Sami Robbins,10/30/2024
Football,EA Sports College FB Video Game,Royalty,$600.00,cash,Electronic Arts,Sami Robbins,10/30/2024
Football,EA Sports College FB Video Game,Royalty,$600.00,cash,Electronic Arts,Sami Robbins,10/30/2024
Football,EA Sports College FB Video Game,Royalty,$600.00,cash,Electronic Arts,Sami Robbins,10/30/2024
Football,EA Sports College FB Video Game,Royalty,$600.00,cash,Electronic Arts,Sami Robbins,10/30/2024
Football,EA Sports College FB Video Game,Royalty,$600.00,cash,Electronic Arts,Sami Robbins,10/30/2024
Football,EA Sports College FB Video Game,Royalty,$600.00,cash,Electronic Arts,Sami Robbins,10/30/2024
Football,EA Sports College FB Video Game,Royalty,$600.00,cash,Electronic Arts,Sami Robbins,10/30/2024
Football,EA Sports College FB Video Game,Royalty,$600.00,cash,Electronic Arts,Sami Robbins,10/30/2024
Football,EA Sports College FB Video Game,Royalty,$600.00,cash,Electronic Arts,Sami Robbins,10/30/2024
Volleyball (Womens),Vuori,Social Media,$300.00,cash,Vuori,Alana,8/12/2024
Water Polo (Womens),Social Media Posts,Social Media,$200.00,cash,Halfday Iced Teas,98 Strong,8/21/2024
Volleyball (Beach),Brand Ambassador,Social Media,$243.00,product,Slunks,Charlie,7/9/2024
Gymnastics (Womens),Fashion Show,Public Appearance,$203.00,product,Athleta,Natalie Clendening,6/20/2024
Gymnastics (Womens),Athleta Fashion Show,Other,$200.00,product,Athleta,Natalie Clendening,6/28/2024
Field Hockey,Posying For A Brand,Social Media,$200.00,product,Market Pryce,Jason Bergman,7/3/2024
Volleyball (Womens),Fanatics,Royalty,$1.12,cash,Fanatics,Sami Robbins,10/30/2024
Football,Fanatics,Royalty,$3.92,cash,Fanatics,Sami Robbins,10/30/2024
Basketball (Womens),Fanatics,Royalty,$1.12,cash,Fanatics,Sami Robbins,10/30/2024
Basketball (Womens),Fanatics,Royalty,$3.08,cash,Fanatics,Sami Robbins,10/30/2024
Basketball (Womens),Fanatics,Royalty,$2.24,cash,Fanatics,Sami Robbins,10/30/2024
Basketball (Womens),Fanatics,Royalty,$1.12,cash,Fanatics,Sami Robbins,10/30/2024
Cross Country,Modeling,Social Media,$300.00,product,Natalie B Designs,Natalie Schroeder,6/5/2024
Volleyball (Womens),Clean Energy,Social Media,$200.00,cash,The CAPS Group LLC,Brad Blevins,6/6/2024
Field Hockey,Posting,Social Media,$150.00,cash,BAMnut,98strong Website,6/1/2024
Volleyball (Womens),Protein Supplemental Exchange,Social Media,$200.00,cash,Orgain,98 Strong Team,9/28/2024
Volleyball (Womens),Product Exchange,Social Media,$250.00,product,Ready Nutrition,Pat Cavanaugh,5/17/2024
Field Hockey,Content Creation,Social Media,$125.00,cash,WhatIF Foods,98Strong Company,5/18/2024
Softball,Fanatics,Royalty,$2.24,cash,Fanatics,Sami Robbins,10/30/2024
Baseball,Fanatics,Royalty,$5.60,cash,Fanatics,Sami Robbins,10/30/2024
Baseball,Fanatics,Royalty,$1.12,cash,Fanatics,Sami Robbins,10/30/2024
Softball,Fanatics,Royalty,$3.36,cash,Fanatics,Sami Robbins,10/30/2024
Baseball,Fanatics,Royalty,$1.12,cash,Fanatics,Sami Robbins,10/30/2024
Basketball (Womens),Fanatics,Royalty,$1.12,cash,Fanatics,Sami Robbins,10/30/2024
Softball,Fanatics,Royalty,$5.60,cash,Fanatics,Sami Robbins,10/30/2024
Softball,Fanatics,Royalty,$1.12,cash,Fanatics,Sami Robbins,10/30/2024
Football,Fanatics,Royalty,$1.12,cash,Fanatics,Sami Robbins,10/30/2024
Lacrosse (Womens),Emily Moes,Social Media,$150.00,cash,Vuori Clothing,Alana,5/11/2024
Volleyball (Womens),Bathing Suit Promotion,Social Media,$200.00,product,Berlook,Cherry,9/28/2024
Soccer (Womens),What If Foods BAMnut Milk,Social Media,$150.00,cash,What IF foods,98 Strong,5/11/2024
Football,Fanatics,Royalty,$3.92,cash,Fanatics,Sami Robbins,10/30/2024
Soccer (Womens),Sangria Senorial,Social Media,$150.00,cash,Sangria Senorial,98 Strong,5/9/2024
Soccer (Mens),Zack Andoh,Other,$13.55,cash,NIL Club,Bailey OSullivan,5/10/2024
Lacrosse (Womens),Vuori Clothing Deal,Social Media,$150.00,cash,Vuori,Alana,5/8/2024
Field Hockey,Liquid Iv,Social Media,$50.00,product,Liquid IV,MOGL Platform,5/8/2024
Cross Country,2024 SF Giants Affiliate Program,Social Media,$50.00,product,SF Giants,Amy Oum,5/8/2024
Football,Fanatics,Royalty,$3.92,cash,Fanatics,Sami Robbins,10/30/2024
Softball,Fanatics,Royalty,$1.96,cash,Fanatics,Sami Robbins,10/30/2024
Softball,Gameday Greats by Prosphere,Royalty,$8.74,cash,Gameday Greats by Prosphere,Sami Robbins,10/30/2024
Football,Fanatics,Royalty,$0.98,cash,Fanatics,Sami Robbins,10/30/2024
Baseball,Fanatics,Royalty,$3.08,cash,Fanatics,Sami Robbins,10/30/2024
Baseball,Gameday Greats by Prosphere,Royalty,$5.82,cash,Gameday Greats by Prosphere,Sami Robbins,10/30/2024
Football,Fanatics,Royalty,$3.92,cash,Fanatics,Sami Robbins,10/30/2024
Football,Fanatics,Royalty,$11.76,cash,Fanatics,Sami Robbins,10/30/2024
Football,Fanatics,Royalty,$3.92,cash,Fanatics,Sami Robbins,10/30/2024
Football,Fanatics,Royalty,$23.52,cash,Fanatics,Sami Robbins,10/30/2024
Football,Fanatics,Royalty,$7.84,cash,Fanatics,Sami Robbins,10/30/2024
Football,Fanatics,Royalty,$0.98,cash,Fanatics,Sami Robbins,10/30/2024
Soccer (Mens),Fanatics,Royalty,$1.12,cash,Fanatics,Sami Robbins,10/30/2024
Soccer (Mens),Fanatics,Royalty,$17.07,cash,Fanatics,Sami Robbins,10/30/2024
Football,Fanatics,Royalty,$7.84,cash,Fanatics,Sami Robbins,10/30/2024
Football,Fanatics,Royalty,$15.68,cash,Fanatics,Sami Robbins,10/30/2024
Football,Fanatics,Royalty,$3.92,cash,Fanatics,Sami Robbins,10/30/2024
Volleyball (Womens),Fanatics,Royalty,$1.96,cash,Fanatics,Sami Robbins,10/30/2024
Football,Fanatics,Royalty,$3.92,cash,Fanatics,Sami Robbins,10/30/2024
Football,Fanatics,Royalty,$15.68,cash,Fanatics,Sami Robbins,10/30/2024
Football,Fanatics,Royalty,$0.98,cash,Fanatics,Sami Robbins,10/30/2024
Football,Fanatics,Royalty,$11.76,cash,Fanatics,Sami Robbins,10/30/2024
Football,Fanatics,Royalty,$1.96,cash,Fanatics,Sami Robbins,10/30/2024
Football,Fanatics,Royalty,$5.88,cash,Fanatics,Sami Robbins,10/30/2024
Football,Fanatics,Royalty,$3.92,cash,Fanatics,Sami Robbins,10/30/2024
Baseball,Fanatics,Royalty,$1.12,cash,Fanatics,Sami Robbins,10/30/2024
Baseball,Gameday Greats by Prosphere,Royalty,$2.91,cash,Gameday Greats by Prosphere,Sami Robbins,10/30/2024
Football,Fanatics,Royalty,$3.92,cash,Fanatics,Sami Robbins,10/30/2024
Football,Fanatics,Royalty,$3.92,cash,Fanatics,Sami Robbins,10/30/2024
Football,Fanatics,Royalty,$3.92,cash,Fanatics,Sami Robbins,10/30/2024
Football,Fanatics,Royalty,$3.92,cash,Fanatics,Sami Robbins,10/30/2024
Football,Fanatics,Royalty,$1.96,cash,Fanatics,Sami Robbins,10/30/2024
Football,Fanatics,Royalty,$19.60,cash,Fanatics,Sami Robbins,10/30/2024
Football,Fanatics,Royalty,$3.92,cash,Fanatics,Sami Robbins,10/30/2024
Football,Fanatics,Royalty,$7.84,cash,Fanatics,Sami Robbins,10/30/2024
Football,Fanatics,Royalty,$0.98,cash,Fanatics,Sami Robbins,10/30/2024
Softball,Gameday Greats by Prosphere,Royalty,$5.82,cash,Gameday Greats by Prosphere,Sami Robbins,10/30/2024
Football,Fanatics,Royalty,$3.92,cash,Fanatics,Sami Robbins,10/30/2024
Football,Fanatics,Royalty,$3.92,cash,Fanatics,Sami Robbins,10/30/2024
Football,Fanatics,Royalty,$3.92,cash,Fanatics,Sami Robbins,10/30/2024
Football,Fanatics,Royalty,$3.92,cash,Fanatics,Sami Robbins,10/30/2024
Football,Fanatics,Royalty,$3.92,cash,Fanatics,Sami Robbins,10/30/2024
Football,Fanatics,Royalty,$1.96,cash,Fanatics,Sami Robbins,10/30/2024
Football,Fanatics,Royalty,$7.84,cash,Fanatics,Sami Robbins,10/30/2024
Football,Fanatics,Royalty,$3.92,cash,Fanatics,Sami Robbins,10/30/2024
Football,Fanatics,Royalty,$7.84,cash,Fanatics,Sami Robbins,10/30/2024
Football,Fanatics,Royalty,$3.92,cash,Fanatics,Sami Robbins,10/30/2024
Football,Fanatics,Royalty,$3.92,cash,Fanatics,Sami Robbins,10/30/2024
Soccer (Mens),Fanatics,Royalty,$7.84,cash,Fanatics,Sami Robbins,10/30/2024
Football,Fanatics,Royalty,$3.92,cash,Fanatics,Sami Robbins,10/30/2024
Football,Fanatics,Royalty,$15.68,cash,Fanatics,Sami Robbins,10/30/2024
Football,Fanatics,Royalty,$3.92,cash,Fanatics,Sami Robbins,10/30/2024
Football,Fanatics,Royalty,$1.96,cash,Fanatics,Sami Robbins,10/30/2024
Football,Fanatics,Royalty,$3.92,cash,Fanatics,Sami Robbins,10/30/2024
Football,Fanatics,Royalty,$3.92,cash,Fanatics,Sami Robbins,10/30/2024
Baseball,Gameday Greats by Prosphere,Royalty,$2.91,cash,Gameday Greats by Prosphere,Sami Robbins,10/30/2024
Football,Fanatics,Royalty,$2.74,cash,Fanatics,Sami Robbins,10/30/2024
Football,Fanatics,Royalty,$3.92,cash,Fanatics,Sami Robbins,10/30/2024
Basketball (Womens),Fanatics,Royalty,$3.36,cash,Fanatics,Sami Robbins,10/30/2024
Basketball (Womens),Fanatics,Royalty,$1.12,cash,Fanatics,Sami Robbins,10/30/2024
Basketball (Womens),Gameday Greats by Prosphere,Royalty,$5.09,cash,Gameday Greats by Prosphere,Sami Robbins,10/30/2024
Football,Fanatics,Royalty,$74.48,cash,Fanatics,Sami Robbins,10/30/2024
Football,Fanatics,Royalty,$54.88,cash,Fanatics,Sami Robbins,10/30/2024
Football,Fanatics,Royalty,$31.36,cash,Fanatics,Sami Robbins,10/30/2024
Football,Fanatics,Royalty,$3.92,cash,Fanatics,Sami Robbins,10/30/2024
Football,Fanatics,Royalty,$11.76,cash,Fanatics,Sami Robbins,10/30/2024
Basketball (Womens),Fanatics,Royalty,$1.12,cash,Fanatics,Sami Robbins,10/30/2024
Basketball (Womens),Fanatics,Royalty,$1.96,cash,Fanatics,Sami Robbins,10/30/2024
Basketball (Womens),Fanatics,Royalty,$1.12,cash,Fanatics,Sami Robbins,10/30/2024
Basketball (Womens),Gameday Greats by Prosphere,Royalty,$2.54,cash,Gameday Greats by Prosphere,Sami Robbins,10/30/2024
Football,Fanatics,Royalty,$83.89,cash,Fanatics,Sami Robbins,10/30/2024
Football,Fanatics,Royalty,$11.76,cash,Fanatics,Sami Robbins,10/30/2024
Football,Fanatics,Royalty,$19.60,cash,Fanatics,Sami Robbins,10/30/2024
Football,Fanatics,Royalty,$27.44,cash,Fanatics,Sami Robbins,10/30/2024
Football,Fanatics,Royalty,$0.98,cash,Fanatics,Sami Robbins,10/30/2024
Football,Fanatics,Royalty,$2.94,cash,Fanatics,Sami Robbins,10/30/2024
Football,Fanatics,Royalty,$1.96,cash,Fanatics,Sami Robbins,10/30/2024
Softball,Gameday Greats by Prosphere,Royalty,$2.69,cash,Gameday Greats by Prosphere,Sami Robbins,10/30/2024
Football,Fanatics,Royalty,$3.92,cash,Fanatics,Sami Robbins,10/30/2024
Football,Fanatics,Royalty,$19.60,cash,Fanatics,Sami Robbins,10/30/2024
Football,Gameday Greats by Prosphere,Royalty,$2.69,cash,Gameday Greats by Prosphere,Sami Robbins,10/30/2024
Football,Fanatics,Royalty,$7.84,cash,Fanatics,Sami Robbins,10/30/2024
Football,Fanatics,Royalty,$3.92,cash,Fanatics,Sami Robbins,10/30/2024
Football,Fanatics,Royalty,$7.84,cash,Fanatics,Sami Robbins,10/30/2024
Football,Fanatics,Royalty,$8.82,cash,Fanatics,Sami Robbins,10/30/2024
Football,Fanatics,Royalty,$3.92,cash,Fanatics,Sami Robbins,10/30/2024
Football,Fanatics,Royalty,$7.84,cash,Fanatics,Sami Robbins,10/30/2024
Softball,Fanatics,Royalty,$3.08,cash,Fanatics,Sami Robbins,10/30/2024
Football,Fanatics,Royalty,$27.44,cash,Fanatics,Sami Robbins,10/30/2024
Football,Fanatics,Royalty,$7.84,cash,Fanatics,Sami Robbins,10/30/2024
Football,Fanatics,Royalty,$0.98,cash,Fanatics,Sami Robbins,10/30/2024
Football,Fanatics,Royalty,$19.60,cash,Fanatics,Sami Robbins,10/30/2024
Football,Fanatics,Royalty,$9.80,cash,Fanatics,Sami Robbins,10/30/2024
Football,Fanatics,Royalty,$3.92,cash,Fanatics,Sami Robbins,10/30/2024
Football,Fanatics,Royalty,$0.98,cash,Fanatics,Sami Robbins,10/30/2024
Football,Fanatics,Royalty,$3.92,cash,Fanatics,Sami Robbins,10/30/2024
Football,Fanatics,Royalty,$7.84,cash,Fanatics,Sami Robbins,10/30/2024
Football,Fanatics,Royalty,$3.92,cash,Fanatics,Sami Robbins,10/30/2024
Volleyball (Beach),Social Media Content,Social Media,$550.00,product,Vuori,Alana,4/28/2024
Soccer (Mens),Clio Bars ‐ 98Strong Deal,Social Media,$150.00,cash,98Strong,Alana,5/8/2024
Softball,April NIL Activation 2024,Social Media,$600.00,cash,CONIC (Athlete Licensing Co),CONIC (Athlete Licensing Co),11/7/2024
Football,Nil Club,Not Sure,$12.20,cash,Nil club,Bailey O Sullivan,4/24/2024
Soccer (Womens),Nyx Cosmetics,Social Media,"$2,500.00",product,NYx Cosmetics,Lexi Barboza,4/26/2024
Soccer (Womens),NIL Club,Not Sure,$33.26,cash,Yoke Global Inc.,Bailey OSullivan,4/9/2024
Volleyball (Womens),Social Media Advertising,Social Media,$70.00,product,Happy Viking,Roccio,3/30/2024
Gymnastics (Womens),european wax center,Not Sure,$60.00,cash,european wax center,alisa velencia,4/3/2024
Track and Field (Mens),Content Creation,Social Media,$150.00,cash,Vktry Partnership,Ashley Whalen,3/7/2024
Volleyball (Womens),30 Day Skin Transformation Video Content,Social Media,$150.00,product,J. S Health Vitamins,Matilda,3/8/2024
Volleyball (Beach),Social Media Post,Social Media,$15.00,product,Oat Haus,Oat Haus,4/23/2024
Soccer (Womens),Ambassador,Social Media,$200.00,product,Steve madden,Postgame,4/26/2024
Football,Fanatics,Royalty,$3.92,cash,Fanatics,Sami Robbins,11/1/2024
Football,Fanatics,Royalty,$24.08,cash,Fanatics,Sami Robbins,11/1/2024
Football,Fanatics,Royalty,$3.92,cash,Fanatics,Sami Robbins,11/1/2024
Rowing (Mens),Airport of Champions,Social Media,$234.00,cash,Airport of Champions,Opendorse,8/26/2024
Volleyball (Womens),Video Promotion,Social Media,$250.00,product,Reboot Float And Cryo Spa,Allison Baird,3/9/2024
Swimming/Diving (Mens),Firefly Recovery Ambassador,Social Media,$125.00,cash,Firefly Recovery,Lauren Campbell,3/12/2024
Gymnastics (Womens),Fellowship Program,Social Media,"$1,000.00",cash,The Team,Elizabeth Ford,3/17/2024
Rowing (Womens),Cal x Airport of Champions,Social Media,$234.37,cash,Oakland Airport,Not Sure,3/7/2024
Softball,March NIL Activation,Social Media,$600.00,cash,CONIC (Athlete Licensing Co),CONIC (Athlete Licensing Co),11/7/2024
Cross Country,PR Package,Social Media,$100.00,product,Hype & Vice,Mariana Corella,3/13/2024
Football,Agency Rep Agreement,Representation Disclosure,$0.00,cash,brad blevins,Brad Blevins,3/14/2024
Volleyball (Beach),Brand Promotion,Social Media,$120.00,cash,Bonheur Jewelry,Alicia Smith,3/6/2024
Basketball (Mens),MOGL,Social Media,"$1,500.00",cash,Thorlo Socks,MOGL Team,10/30/2024
Volleyball (Womens),Climate Power Influential Post,Social Media,$300.00,cash,Xomad (ig‐ @climatepower),Imabelle Velasco,3/6/2024
Field Hockey,Posting On Instagram for Brand,Social Media,$300.00,product,Edikted Clothing Brand,Martina,3/14/2024
Volleyball (Womens),Amazon Storefront Campaign,Business Ownership/Creation,$500.00,cash,Amazon,Gemma Weinstein,3/5/2024
Volleyball (Womens),Modeling,Social Media,$300.00,product,Boba Guys,Bin Chen,4/15/2024
Volleyball (Womens),Content Creation Event,Social Media,$150.00,product,Boutine Los Angeles,boutinelababes (ig),3/5/2024
Football,Cal Legends Collective,Social Media,"$16,667.00",cash,Ca Legends,Ca Legends,3/2/2024
Football,Fanatics,Royalty,$2.24,cash,Fanatics,Sami Robbins,11/1/2024
Football,Fanatics,Royalty,$7.84,cash,Fanatics,Sami Robbins,11/1/2024
Volleyball (Womens),Fanatics,Royalty,$3.36,cash,Fanatics,Sami Robbins,11/1/2024
Football,Fanatics,Royalty,$1.96,cash,Fanatics,Sami Robbins,11/1/2024
Volleyball (Womens),Fanatics,Royalty,$2.24,cash,Fanatics,Sami Robbins,11/1/2024
Volleyball (Womens),Fanatics,Royalty,$1.12,cash,Fanatics,Sami Robbins,11/1/2024
Volleyball (Womens),Fanatics,Royalty,$14.84,cash,Fanatics,Sami Robbins,11/1/2024
Football,Fanatics,Royalty,$2.16,cash,Fanatics,Sami Robbins,11/1/2024
Softball,February NIL Activation,Social Media,$600.00,cash,CONIC (Athlete Licensing Co),CONIC (Athlete Licensing Co),11/7/2024
Softball,January NIL Activation,Social Media,$600.00,cash,CONIC (Athlete Licensing Co),CONIC (Athlete Licensing Co),11/7/2024
Soccer (Womens),Modeling,Outside Employment,"$1,500.00",cash,Oiselle,Carr,8/22/2024
Baseball,Cal Legends Post,Social Media,"$1,000.00",cash,Cal Legends,Club Nillionare,8/20/2024
Baseball,instagram/twitter post,Social Media,"$1,000.00",cash,cal legends,club nillionaire,4/17/2024
Baseball,Instagram Post,Social Media,"$10,000.00",cash,Cal Legends,Marshawn Lynch,4/16/2024
Football,MOGL,Social Media,$0.00,cash,Liquid IV,Olivia Diomede,10/30/2024
Volleyball (Womens),Mentor Young Athletes,Other,$650.00,cash,Athlete To Athlete,Zach Maisus,3/5/2024
Soccer (Womens),Modeling Job,Outside Employment,"$2,000.00",cash,BDA,Elena Ho,9/1/2024
Soccer (Womens),Modeling Job,Outside Employment,"$1,500.00",cash,Budha Girl,Alicia Best,9/1/2024
Soccer (Womens),Modeling,Outside Employment,"$1,200.00",cash,Adidas,Madeleine Meyers,8/22/2024
Volleyball (Womens),Brand Athlete Representative,Representation Disclosure,$500.00,product,PBfit,Mason Hayes,3/5/2024